OffensivePlay,OffPlayType,OffPersonnel,ypp,cnt,any/a,int_rate,sack_rate,td_rate,ev_adj
I Formation Twin WR Hard Slants,Short Pass,2RB/1TE/2WR,8.54,16045,7.48,3.3,3.97,4.49,0.799
Strong I Big TE Post,Medium Pass,2RB/2TE/1WR,8.27,8733,6.31,2.71,9.97,4.42,1.061
I Formation Power Play Action HB Downfield,Medium Pass,3RB/1TE/1WR,7.98,26818,6.94,2.86,4.59,3.77,0.454
Shotgun Normal HB Flare,Medium Pass,1RB/1TE/3WR,7.96,48471,6.54,2.75,6.85,4.02,0.382
Singleback Normal HB Release Mid,Medium Pass,1RB/1TE/3WR,7.2,11249,4.67,5.16,4.39,2.97,0.631
Strong I Big Backfield Drag,Short Pass,2RB/2TE/1WR,7.18,7158,5.73,2.37,7.28,4.57,0.92
I Formation Normal FL Hitch,Short Pass,2RB/1TE/2WR,7.09,32731,6.55,2.71,1.65,3.21,0.291
Split Backs Normal Posts,Medium Pass,2RB/1TE/2WR,6.97,4219,5.99,2.46,4.48,2.46,0.614
I Formation Twin WR Quick Outs,Short Pass,2RB/1TE/2WR,6.9,10748,6.67,2.48,0.62,2.91,1.012
Singleback Normal TE Quick Out,Short Pass,1RB/1TE/3WR,6.82,14568,6.01,2.77,2.57,2.97,0.811
Singleback 4 Wide Quick Outs,Short Pass,1RB/4WR,6.82,5043,5.42,3.71,2.69,3.06,0.886
Weak I Big WR Post TE Out,Medium Pass,2RB/2TE/1WR,6.81,5296,4.9,2.92,7.57,2.36,0.655
I Formation 3WR Slot Short WR Deep,Medium Pass,2RB/3WR,6.8,18863,4.92,3.21,6.55,2.51,0.232
I Formation Power PA Flats,Short Pass,3RB/1TE/1WR,6.45,22266,5.34,2.18,5.44,2.66,0.323
Weak I Normal WR Corner TE Middle,Medium Pass,2RB/1TE/2WR,6.39,25886,4.73,2.66,6.66,1.96,0.309
I Formation 3WR FL Post,Medium Pass,2RB/3WR,6.28,12611,4.84,2.58,5.79,1.54,0.492
I Formation 3WR Backfield Flats,Medium Pass,2RB/3WR,6.26,4254,5.46,1.56,5.6,3.2,0.649
I Formation 3WR WR Out,Short Pass,2RB/3WR,6.24,17210,5.73,2.62,0.94,1.79,0.554
I Formation 3WR HB Inside Weak,Inside Run,2RB/3WR,6.09,21673,7.3,0.0,0.0,0.69,0.454
Split Backs Normal WR Post,Medium Pass,2RB/1TE/2WR,5.75,1961,3.42,2.62,9.56,2.92,0.349
I Formation Normal Max Protect,Medium Pass,2RB/1TE/2WR,5.74,15595,4.08,2.7,5.97,1.81,0.097
Split Backs 3 Wide WR Quick Out,Short Pass,2RB/3WR,5.69,10708,5.04,2.4,1.74,2.09,0.393
I Formation Big HB Counter Weak,Outside Run,2RB/2TE/1WR,5.67,913,6.81,0.0,0.0,1.84,0.588
Singleback Big WR Deep,Medium Pass,1RB/2TE/2WR,5.53,10117,1.84,3.6,13.21,2.68,0.317
Singleback Slot Strong HB Checkdown,Medium Pass,1RB/1TE/3WR,5.51,2327,2.85,3.82,7.35,3.06,0.24
Singleback Normal HB Inside Weak,Inside Run,1RB/1TE/3WR,5.43,14162,6.51,0.0,0.0,0.33,0.824
Singleback Big Ins and Outs,Short Pass,1RB/2TE/2WR,5.43,7871,4.31,3.3,1.08,1.68,0.3
I Formation Big TE Sneak Out,Short Pass,2RB/2TE/1WR,5.42,1409,4.53,2.96,0.99,1.83,0.127
I Formation 3WR PA Fullback Flat,Short Pass,2RB/3WR,5.41,6093,5.25,1.77,0.88,2.37,0.066
Singleback Empty 4 TE Corner,Medium Pass,1TE/4WR,5.31,1463,2.21,3.5,10.31,1.82,-0.285
Singleback Normal HB Dive Weak,Inside Run,1RB/1TE/3WR,5.3,12526,6.36,0.0,0.0,0.38,0.668
Split Backs 3 Wide Slot Post,Medium Pass,2RB/3WR,5.25,5837,2.85,3.14,7.85,1.31,0.196
Singleback Normal WR Quick In,Short Pass,1RB/1TE/3WR,5.23,6983,4.42,2.65,1.37,1.34,0.718
Singleback Slot Strong HB Counter,Outside Run,1RB/1TE/3WR,5.15,12144,6.17,0.0,0.0,0.73,0.257
Shotgun 5 Wide Parallel Slants,Short Pass,5WR,5.15,5183,4.48,2.53,0.91,1.41,0.108
Singleback Slot Strong HB Strong Inside,Inside Run,1RB/1TE/3WR,5.07,7651,6.09,0.0,0.0,0.51,0.372
Singleback Normal HB Dive Strong,Inside Run,1RB/1TE/3WR,5.02,10727,6.02,0.0,0.0,0.31,0.66
Weak I Big HB Lead Toss Weak,Outside Run,2RB/2TE/1WR,5.0,1828,6.0,0.0,0.0,0.96,0.595
Singleback Normal PA Rollout,Medium Pass,1RB/1TE/3WR,4.98,2290,1.72,2.7,13.22,1.04,-0.333
Weak I Normal HB Inside Weak,Inside Run,2RB/1TE/2WR,4.95,21159,5.95,0.0,0.0,1.08,0.224
I Formation Normal HB Dive,Inside Run,2RB/1TE/2WR,4.88,22607,5.85,0.0,0.0,0.93,0.176
Split Backs 3 Wide Dive Left,Inside Run,2RB/3WR,4.85,8569,5.82,0.0,0.0,0.01,0.535
Weak I Normal Skinny Posts,Short Pass,2RB/1TE/2WR,4.83,13104,4.17,2.34,1.08,1.81,-0.327
I Formation Normal PA Fullback Flat,Short Pass,2RB/1TE/2WR,4.79,16937,4.23,2.12,1.23,1.75,-0.478
Shotgun Normal FL Slant,Short Pass,1RB/1TE/3WR,4.78,3536,3.74,1.73,4.81,1.73,0.013
Singleback Normal HB Counter Weak,Outside Run,1RB/1TE/3WR,4.77,15479,5.72,0.0,0.0,0.67,0.641
Split Backs 3 Wide Drag In,Medium Pass,2RB/3WR,4.76,2313,3.26,2.07,6.08,0.78,-0.65
Singleback Normal Slot WR Cross,Medium Pass,1RB/1TE/3WR,4.76,1343,1.96,3.25,9.02,1.04,-0.417
I Formation Normal HB Blast,Inside Run,2RB/1TE/2WR,4.74,24575,5.69,0.0,0.0,0.72,0.061
Singleback Big Corner Ins,Medium Pass,1RB/2TE/2WR,4.73,3159,1.2,3.57,11.63,1.22,0.348
Shotgun Normal TE Out,Short Pass,1RB/1TE/3WR,4.73,7099,3.49,3.05,1.84,1.32,0.12
Empty 4 Wide Spread Corner Post,Medium Pass,1TE/4WR,4.72,2475,1.65,4.38,6.91,1.0,-0.408
Singleback Normal FL Post,Medium Pass,1RB/1TE/3WR,4.65,5377,1.92,3.17,8.8,1.18,0.506
Singleback Normal Quick Slant,Short Pass,1RB/1TE/3WR,4.65,3054,3.91,1.45,3.98,2.17,0.169
Shotgun 5 Wide Slot Drag,Short Pass,5WR,4.57,1335,3.35,3.04,1.56,1.19,-0.544
Strong I Normal Short Attack,Short Pass,2RB/1TE/2WR,4.55,3122,4.4,1.3,1.39,1.17,-0.031
Strong I Big HB Off Tackle,Inside Run,2RB/2TE/1WR,4.55,1369,5.46,0.0,0.0,1.3,0.342
I Formation 3WR HB Inside Strong,Inside Run,2RB/3WR,4.49,14820,5.39,0.0,0.0,0.03,0.021
Strong I Big HB Dive Strong,Inside Run,2RB/2TE/1WR,4.43,2808,5.32,0.0,0.0,0.91,0.725
Split Backs Normal Skinny Post Corner,Short Pass,2RB/1TE/2WR,4.36,1752,3.92,1.79,1.17,1.45,0.422
Weak I Big Off Tackle Weak,Outside Run,2RB/2TE/1WR,4.35,1514,5.23,0.0,0.0,1.81,0.09
Shotgun 2 RB 3 WR RB Curls,Short Pass,2RB/3WR,4.33,6512,2.0,4.27,3.17,0.82,-0.969
Shotgun 2 RB 3 WR Shotgun Sweep,Outside Run,2RB/3WR,4.32,15020,5.18,0.0,0.0,0.2,0.199
I Formation Power HB Strong Outside,Outside Run,3RB/1TE/1WR,4.3,17927,5.16,0.0,0.0,0.81,0.234
Singleback Empty 4 Short Posts,Short Pass,1TE/4WR,4.29,1916,1.87,4.62,2.54,1.82,-0.592
Split Backs Normal Weak Pitch Sweep,Outside Run,2RB/1TE/2WR,4.24,1841,5.09,0.0,0.0,0.64,-0.011
Singleback Big HB Inside Strong,Inside Run,1RB/2TE/2WR,4.21,9065,5.05,0.0,0.0,0.34,0.273
I Formation 3WR Slot Corner Short,Short Pass,2RB/3WR,4.21,4068,2.85,3.27,1.24,1.1,-0.478
Strong I Normal WR Post TE Out,Medium Pass,2RB/1TE/2WR,4.18,7769,3.0,1.62,5.21,0.69,-0.162
I Formation Normal HB Draw,Inside Run,2RB/1TE/2WR,4.13,9514,4.96,0.0,0.0,0.06,0.185
Shotgun 2 RB 3 WR Shotgun Dive,Inside Run,2RB/3WR,4.12,8539,4.95,0.0,0.0,0.01,0.292
Strong I Normal HB Dive Strong,Inside Run,2RB/1TE/2WR,4.11,7650,4.93,0.0,0.0,0.69,-0.104
Split Backs Normal TE Curl,Short Pass,2RB/1TE/2WR,4.09,536,3.69,1.84,0.55,0.37,-0.238
Shotgun 2 RB 3 WR WR Curl,Medium Pass,2RB/3WR,4.06,6905,2.86,2.84,1.56,0.75,-0.868
Weak I Big HB Off Tackle Strong,Inside Run,2RB/2TE/1WR,4.03,1185,4.83,0.0,0.0,1.0,0.071
Shotgun 5 Wide Slot Cross,Medium Pass,5WR,4.02,1587,1.61,3.17,6.53,1.0,-0.902
Singleback Normal SE Quick Hit,Short Pass,1RB/1TE/3WR,4.01,4106,3.69,1.57,0.92,0.96,0.435
Weak I Big HB Counter Weak,Outside Run,2RB/2TE/1WR,3.9,1030,4.68,0.0,0.0,0.96,0.428
Singleback Normal Post Corner,Medium Pass,1RB/1TE/3WR,3.89,2005,-0.06,2.98,14.7,1.49,-0.498
I Formation Big HB Strong,Inside Run,2RB/2TE/1WR,3.86,389,4.63,0.0,0.0,0.75,-0.389
Singleback Normal WR Post,Medium Pass,1RB/1TE/3WR,3.82,2063,2.02,2.78,4.51,0.72,0.008
I Formation Twin WR Hook Ins,Medium Pass,2RB/1TE/2WR,3.81,972,2.74,1.72,4.04,0.51,-0.183
Singleback Slot Strong Overload Strong,Medium Pass,1RB/1TE/3WR,3.8,1514,0.23,3.92,9.87,1.11,-0.331
Singleback Slot Strong Post Curls,Short Pass,1RB/1TE/3WR,3.75,905,3.25,1.86,0.66,0.33,-0.836
Goal Line Normal HB Toss Strong,Outside Run,2RB/3TE,3.73,10407,4.48,0.0,0.0,0.66,-0.63
Strong I Big WR Quick In,Short Pass,2RB/2TE/1WR,3.72,1561,2.99,2.28,0.57,0.95,0.483
I Formation Twin WR Slot Hitch,Medium Pass,2RB/1TE/2WR,3.72,1515,2.38,2.87,1.82,0.26,0.299
Singleback Slot Strong TE Corner,Medium Pass,1RB/1TE/3WR,3.68,1531,0.23,4.02,8.83,0.78,-0.537
Strong I Big TE Drag,Short Pass,2RB/2TE/1WR,3.67,356,3.52,0.56,2.78,1.11,-0.333
Strong I Big HB Swing,Short Pass,2RB/2TE/1WR,3.67,679,2.62,2.48,1.46,1.02,0.093
Split Backs 3 Wide Off Tackle Strong,Outside Run,2RB/3WR,3.66,4782,4.4,0.0,0.0,0.1,-0.085
Split Backs 3 Wide Dive Right,Inside Run,2RB/3WR,3.64,4739,4.37,0.0,0.0,0.04,0.324
Weak I Big HB Dive Strong,Inside Run,2RB/2TE/1WR,3.63,1211,4.36,0.0,0.0,0.57,0.516
Goal Line Normal HB Off Tackle,Outside Run,2RB/3TE,3.62,10265,4.35,0.0,0.0,0.83,-0.826
Goal Line Normal HB Outside Strong,Outside Run,2RB/3TE,3.61,10663,4.33,0.0,0.0,0.63,-0.792
I Formation Twin WR Strong Flood,Short Pass,2RB/1TE/2WR,3.61,199,3.44,1.0,1.49,0.5,-0.189
Singleback Big Off Tackle Strong,Outside Run,1RB/2TE/2WR,3.6,6721,4.32,0.0,0.0,0.01,0.013
Strong I Big HB Toss Weak,Outside Run,2RB/2TE/1WR,3.57,1201,4.29,0.0,0.0,0.74,0.405
Split Backs Normal Strong Pitch Sweep,Outside Run,2RB/1TE/2WR,3.57,947,4.28,0.0,0.0,0.21,0.216
I Formation Power HB Sweep Weak,Outside Run,3RB/1TE/1WR,3.56,6462,4.27,0.0,0.0,1.05,-0.135
Strong I Normal HB Off Tackle Strong,Outside Run,2RB/1TE/2WR,3.56,15737,4.27,0.0,0.0,0.05,-0.134
Weak I Normal HB Inside Strong,Inside Run,2RB/1TE/2WR,3.55,6370,4.26,0.0,0.0,0.29,-0.187
I Formation Big HB Outside Weak,Outside Run,2RB/2TE/1WR,3.55,930,4.26,0.0,0.0,0.42,-0.792
Singleback Slot Strong Skinny Posts,Short Pass,1RB/1TE/3WR,3.54,1964,2.2,2.92,1.46,1.16,-0.439
I Formation Normal Cross In,Short Pass,2RB/1TE/2WR,3.47,1784,3.23,1.16,1.21,0.33,-0.282
I Formation Power HB Draw,Inside Run,3RB/1TE/1WR,3.46,2442,4.15,0.0,0.0,0.6,-0.733
I Formation Normal FL Hook,Medium Pass,2RB/1TE/2WR,3.45,9392,2.5,1.93,2.42,0.49,-0.961
Singleback Slot Strong TE Slot Curls,Short Pass,1RB/1TE/3WR,3.44,444,1.35,4.42,0.66,0.44,-1.113
Split Backs 3 Wide WR Post,Medium Pass,2RB/3WR,3.43,1437,0.26,3.87,7.67,0.41,-0.674
Shotgun Normal Short Attack,Medium Pass,1RB/1TE/3WR,3.42,2383,1.22,3.04,5.32,0.67,-0.156
I Formation Power HB Dive Weak,Inside Run,3RB/1TE/1WR,3.41,3485,4.09,0.0,0.0,0.68,-0.547
Shotgun Normal Slot Drag,Short Pass,1RB/1TE/3WR,3.4,1201,2.37,2.73,0.41,0.5,-0.462
Shotgun 2 RB 3 WR FB In,Medium Pass,2RB/3WR,3.35,5791,-0.11,3.47,10.24,0.91,-1.029
I Formation Normal Strong Flood,Short Pass,2RB/1TE/2WR,3.35,547,2.65,1.8,1.44,0.18,-0.573
Weak I Normal FB Inside Weak,Inside Run,2RB/1TE/2WR,3.34,2348,4.01,0.0,0.0,0.17,-0.384
Goal Line Normal FB Dive,Inside Run,2RB/3TE,3.33,423,4.0,0.0,0.0,,0.328
Shotgun 4 Wide Slot Drag,Short Pass,1RB/4WR,3.33,554,2.03,2.33,2.86,,-0.816
I Formation Normal PA Outside Curls,Short Pass,2RB/1TE/2WR,3.3,8332,0.76,3.12,6.62,0.52,-1.107
Shotgun Normal HB Sweep,Outside Run,1RB/1TE/3WR,3.27,3792,3.92,0.0,0.0,0.05,-0.254
Empty 4 Wide Spread Flats,Short Pass,1TE/4WR,3.27,1547,1.5,3.31,2.17,0.57,-0.563
I Formation Normal Curl & Post,Medium Pass,2RB/1TE/2WR,3.24,3094,0.42,3.69,6.26,0.58,-0.301
Strong I Normal Quick Hooks,Short Pass,2RB/1TE/2WR,3.24,1913,2.34,2.21,1.13,0.36,-1.018
Goal Line Normal HB Pitch Weak,Outside Run,2RB/3TE,3.21,11456,3.86,0.0,0.0,0.31,-0.756
Shotgun Normal HB Dive,Inside Run,1RB/1TE/3WR,3.21,5112,3.86,0.0,0.0,,-0.123
I Formation Normal HB Counter,Inside Run,2RB/1TE/2WR,3.17,4860,3.8,0.0,0.0,,-0.571
Singleback Normal Hitch Corner,Short Pass,1RB/1TE/3WR,3.14,492,2.68,1.62,0.61,0.2,-0.166
Split Backs Normal Curls,Short Pass,2RB/1TE/2WR,3.13,389,-0.09,4.56,5.57,0.51,-0.515
Goal Line Normal PA TE Drag,Short Pass,2RB/3TE,3.13,8754,2.09,2.59,0.56,0.51,-1.047
I Formation 3WR SE Post,Medium Pass,2RB/3WR,3.12,6633,1.22,3.31,2.71,0.76,-1.125
Singleback Big PA Curls,Short Pass,1RB/2TE/2WR,3.11,1351,0.51,2.64,8.21,0.29,-0.92
Shotgun 2 RB 3 WR FL Drag,Short Pass,2RB/3WR,3.1,4961,2.3,2.22,0.42,1.14,-1.314
I Formation Normal SE Post,Long Pass,2RB/1TE/2WR,3.1,5896,-3.22,2.93,25.91,0.93,-1.236
Strong I Normal Counter Strong,Inside Run,2RB/1TE/2WR,3.09,3955,3.7,0.0,0.0,,-0.629
I Formation Normal FB Middle,Short Pass,2RB/1TE/2WR,3.08,1459,1.14,1.9,7.12,0.41,-0.721
Singleback 4 Wide Post and Curls,Medium Pass,1RB/4WR,3.07,354,0.53,3.94,3.94,,-0.448
Weak I Normal Fullback Counter Weak,Outside Run,2RB/1TE/2WR,3.07,4789,3.68,0.0,0.0,0.2,-0.066
Shotgun Normal Post Flags,Medium Pass,1RB/1TE/3WR,3.05,1118,1.59,3.09,1.06,0.71,-0.341
Singleback Empty 4 Curl Flats,Short Pass,1TE/4WR,3.05,634,1.06,2.82,4.55,0.47,-0.962
I Formation 3WR Weak Flood,Short Pass,2RB/3WR,3.05,1383,3.3,0.43,0.5,0.14,-0.934
Singleback 4 Wide WR Crosses,Short Pass,1RB/4WR,3.04,462,2.4,1.08,3.02,0.43,-0.791
Singleback 4 Wide Clear Center,Medium Pass,1RB/4WR,3.03,490,-1.51,3.85,14.17,0.4,-1.229
I Formation Big HB Lead Toss Weak,Outside Run,2RB/2TE/1WR,3.02,172,3.63,0.0,0.0,,-1.643
Shotgun Normal Double Outs,Short Pass,1RB/1TE/3WR,3.02,5936,2.04,2.52,0.35,0.52,-0.858
Goal Line Normal HB Weak,Outside Run,2RB/3TE,2.96,8847,3.56,0.0,0.0,0.54,-1.087
Split Backs 3 Wide Slot Drag,Short Pass,2RB/3WR,2.95,928,2.51,1.49,0.64,0.21,-0.503
Split Backs Normal HB Off Tackle,Inside Run,2RB/1TE/2WR,2.94,554,3.52,0.0,0.0,0.35,0.188
I Formation Twin WR HB Toss Weak,Outside Run,2RB/1TE/2WR,2.92,912,3.5,0.0,0.0,,-0.416
Shotgun 5 Wide FL Hook,Medium Pass,5WR,2.91,640,0.32,4.35,2.8,0.47,-0.649
Goal Line Normal HB Dive,Inside Run,2RB/3TE,2.88,9482,3.46,0.0,0.0,0.72,-0.703
Split Backs 3 Wide RB Curls,Short Pass,2RB/3WR,2.86,624,-2.5,2.55,21.97,1.11,-0.137
Shotgun 5 Wide Middle Curls,Short Pass,5WR,2.83,783,0.57,4.66,0.13,0.76,-0.776
Singleback 4 Wide Post and Drag,Medium Pass,1RB/4WR,2.77,869,-1.35,3.33,13.42,0.92,-0.412
Shotgun 4 Wide All Curls,Short Pass,1RB/4WR,2.74,284,0.91,3.5,1.4,,-0.843
I Formation Normal TE Flag,Medium Pass,2RB/1TE/2WR,2.68,1425,-2.71,2.22,22.95,1.18,-0.888
Split Backs Normal Overload Strong,Medium Pass,2RB/1TE/2WR,2.66,609,0.64,2.29,5.89,0.65,-0.791
Shotgun 2 RB 3 WR WR Hooks,Medium Pass,2RB/3WR,2.66,4917,0.15,4.38,2.11,0.51,-1.288
Singleback Normal Quick Looks,Short Pass,1RB/1TE/3WR,2.66,277,1.55,2.51,0.72,,-2.174
Strong I Normal FB Dive Strong,Inside Run,2RB/1TE/2WR,2.65,51,3.18,0.0,0.0,,-1.236
Shotgun 5 Wide WR Curls,Medium Pass,5WR,2.65,422,-1.09,5.4,5.16,0.94,-0.661
Shotgun 4 Wide Slot Curl,Medium Pass,1RB/4WR,2.64,336,-2.12,5.93,8.61,0.89,-1.614
Singleback Slot Strong HB Flat,Short Pass,1RB/1TE/3WR,2.64,827,1.92,1.56,1.56,0.84,-0.004
Shotgun 4 Wide In and Out,Medium Pass,1RB/4WR,2.63,561,-1.48,4.06,10.95,0.18,-0.46
Split Backs 3 Wide WR2 Deep Post,Long Pass,2RB/3WR,2.57,637,-2.88,3.59,19.06,1.09,-1.069
I Formation Twin WR HB Toss Strong,Outside Run,2RB/1TE/2WR,2.54,726,3.05,0.0,0.0,0.27,-0.677
Singleback Big HB Curls TE Deep,Medium Pass,1RB/2TE/2WR,2.47,1711,-0.64,3.07,8.82,0.41,-0.556
I Formation Twin WR HB Counter Middle,Inside Run,2RB/1TE/2WR,2.47,356,2.96,0.0,0.0,,-0.359
Singleback Big TE Flat Curl,Short Pass,1RB/2TE/2WR,2.41,1654,-0.94,2.74,10.97,0.3,-1.147
Split Backs 3 Wide Off Tackle Weak,Outside Run,2RB/3WR,2.37,1678,2.85,0.0,0.0,0.12,-0.428
Strong I Big HB Sweep Strong,Outside Run,2RB/2TE/1WR,2.35,361,2.82,0.0,0.0,,0.278
Weak I Big TE Drag,Short Pass,2RB/2TE/1WR,2.34,653,0.96,2.27,2.42,0.76,-0.446
Split Backs Normal WR Deep Corner,Long Pass,2RB/1TE/2WR,2.33,169,-2.43,4.07,13.95,0.58,-1.191
Singleback Slot Strong Slot Curl,Short Pass,1RB/1TE/3WR,2.32,300,1.15,2.62,0.33,,-1.557
I Formation Big FB Dive,Inside Run,2RB/2TE/1WR,2.27,22,2.73,0.0,0.0,,-1.264
Strong I Big HB Toss Strong,Outside Run,2RB/2TE/1WR,2.27,771,2.72,0.0,0.0,0.25,-0.363
Strong I Normal HB Sweep Strong,Outside Run,2RB/1TE/2WR,2.27,959,2.72,0.0,0.0,0.21,-1.036
I Formation 3WR Outside Curls,Medium Pass,2RB/3WR,2.13,398,-0.58,2.0,9.73,0.25,-0.861
I Formation Twin WR Slot Out,Long Pass,2RB/1TE/2WR,2.07,566,-4.61,2.27,28.62,1.05,-0.871
I Formation Normal HB Toss Strong,Outside Run,2RB/1TE/2WR,1.9,1454,2.28,0.0,0.0,0.13,-1.216
I Formation 3WR Slot Corner Long,Medium Pass,2RB/3WR,1.84,6734,-4.54,3.96,21.88,0.49,-1.441
Strong I Normal HB Power Strong,Outside Run,2RB/1TE/2WR,1.78,1263,2.14,0.0,0.0,,-0.695
Singleback Empty 4 Slot Crosses,Medium Pass,1TE/4WR,1.78,1185,-7.51,4.18,35.65,2.18,-0.924
I Formation Normal HB Toss Weak,Outside Run,2RB/1TE/2WR,1.62,1348,1.94,0.0,0.0,,-1.009
I Formation Power Play Action Bomb,Long Pass,3RB/1TE/1WR,1.6,2635,-7.76,2.97,39.52,1.16,-1.652
I Formation Normal PA Streaks,Long Pass,2RB/1TE/2WR,1.52,4348,-7.9,2.63,40.72,0.82,-1.503
Singleback Big HB Pitch Weak,Outside Run,1RB/2TE/2WR,1.44,1335,1.72,0.0,0.0,0.22,-1.162
Singleback Empty 4 TE Drag WR Mix,Medium Pass,1TE/4WR,1.43,734,-3.1,3.92,12.31,0.27,-1.455
Shotgun Normal HB Delay,Inside Run,1RB/1TE/3WR,1.42,3482,1.71,0.0,0.0,,-1.306
Singleback Slot Strong Off Tackle Strong,Outside Run,1RB/1TE/3WR,1.34,1259,1.61,0.0,0.0,,-0.997
Strong I Big TE Deep Corner,Long Pass,2RB/2TE/1WR,1.33,256,-7.04,3.5,32.68,0.78,-0.705
Singleback Big Waggle Post,Long Pass,1RB/2TE/2WR,1.29,743,-8.32,2.67,41.31,1.34,-1.066
Strong I Normal FB Trap Weak,Outside Run,2RB/1TE/2WR,1.21,560,1.45,0.0,0.0,,-1.433
I Formation Big TE Curl,Medium Pass,2RB/2TE/1WR,1.12,256,-3.74,1.54,20.77,,-1.433
I Formation 3WR WR Post,Long Pass,2RB/3WR,1.08,761,-4.53,4.58,15.42,0.65,-1.898
Weak I Big TE Deep Post,Long Pass,2RB/2TE/1WR,1.07,244,-7.76,4.8,30.8,1.2,-0.841
Singleback Normal All Go,Long Pass,1RB/1TE/3WR,1.05,150,-10.14,3.97,45.03,,-1.641
Shotgun 5 Wide 5 WR Corner Post,Long Pass,5WR,0.66,165,-7.04,4.22,26.51,1.2,-1.718
Shotgun 5 Wide 5 WR Deep Ins,Long Pass,5WR,0.4,197,-8.36,5.58,27.41,1.02,-1.815
Singleback Empty 4 WR Post Corner,Long Pass,1TE/4WR,0.24,141,-8.52,1.4,39.86,0.7,-2.13
I Formation 3WR Deep Corner/Post,Long Pass,2RB/3WR,0.2,227,-9.06,2.19,39.91,,-1.502
Split Backs Normal FB Off Tackle,Inside Run,2RB/1TE/2WR,0.19,162,0.23,0.0,0.0,,-1.434
Singleback Normal Deep Corners,Long Pass,1RB/1TE/3WR,-0.04,222,-6.77,4.48,20.18,,-2.34
Shotgun Normal Deep Weak In and Out,Long Pass,1RB/1TE/3WR,-0.36,2392,-8.8,3.67,30.86,0.75,-1.611
Shotgun 4 Wide WR Corner,Long Pass,1RB/4WR,-0.5,127,-11.3,10.85,20.93,,-1.962
Empty 4 Wide Spread Deep Corner Post,Long Pass,1TE/4WR,-0.51,458,-9.84,5.23,30.5,0.65,-1.29
I Formation Big Streak Heavy,Long Pass,2RB/2TE/1WR,-0.69,102,-10.92,1.94,44.66,,-0.553
Singleback Big WR Streaks,Long Pass,1RB/2TE/2WR,-0.72,939,-10.38,4.53,34.0,0.32,-1.97
Strong I Normal PA All Go,Long Pass,2RB/1TE/2WR,-0.77,557,-13.08,2.14,54.37,0.53,-2.172
I Formation 3WR HB Toss Strong,Outside Run,2RB/3WR,-1.25,4654,-1.5,0.0,0.0,0.08,-1.692
Singleback Normal FL Drag,Long Pass,1RB/1TE/3WR,-1.33,179,-12.82,1.67,51.11,,-2.219
Singleback Normal FL Go,Long Pass,1RB/1TE/3WR,-1.78,137,-13.15,3.62,44.2,1.45,-1.548
Singleback 4 Wide Deep Middle,Long Pass,1RB/4WR,-1.96,159,-14.47,7.5,38.12,,-1.238
Shotgun 2 RB 3 WR Strong Deep,Long Pass,2RB/3WR,-1.99,2358,-13.19,4.06,41.85,0.3,-1.922
Singleback Empty 4 TE Deep Out,Long Pass,1TE/4WR,-2.04,214,-12.35,3.24,39.81,,-2.283
I Formation Normal TE Out,Long Pass,2RB/1TE/2WR,-3.01,622,-16.04,2.21,55.52,0.63,-2.356
Weak I Normal All Go,Long Pass,2RB/1TE/2WR,-3.31,503,-16.72,1.76,58.43,,-2.399
Singleback Slot Strong All Go,Long Pass,1RB/1TE/3WR,-4.05,60,-17.19,0.0,61.67,1.67,-1.651
Shotgun Normal Hail Mary,Long Pass,1RB/1TE/3WR,-4.15,335,-20.17,2.08,69.73,0.3,-2.333
Shotgun 5 Wide 5 WR All Go,Long Pass,5WR,-4.73,207,-22.22,1.92,76.92,2.4,-2.725
