HasBall,"Game Clock","Ball @",Quarter,Down,YTG,OffensivePlay,DefensivePlay,YardsGained,"Home Score","Away Score",Text,QB1,RB1,RB2,FB2,FB1,TE1,TE2,WR1,WR3,WR2,WR4,WR5,LT1,LG1,C1,RG1,RT1,P1,LDE1,LDE2,DT1,DT2,RDE1,SLB1,MLB1,MLB2,WLB1,CB1,CB2,CB4,CB3,CB5,SS1,FS1,FS2,"Kick Holder1","Long Snapper1","Kick Returner1","Punt Returner1",Gunner10,Gunner7,Gunner2,Gunner6,Gunner1,Gunner8,Gunner3,Gunner4,Gunner9,Gunner5,Kickoffs1,"Field Goal Kicker1","ST Blocker8","ST Blocker5","ST Blocker4","ST Blocker1","ST Blocker2","ST Blocker3","ST Blocker6","ST Blocker7","ST Rusher4","ST Rusher1","ST Rusher2","ST Rusher3","ST Rusher11","ST Rusher10","ST Rusher9","ST Rusher6","ST Rusher5","ST Rusher7","ST Rusher8"
,15:00,,1,4,10,,,,0,0,"PIT has won the toss and elected to receive.",,,,,,,,,,,,,,,,,,,,,,,,,,,,,,,,,,,,,,,,,,,,,,,,,,,,,,,,,,,,,,,,,,,,,,
BLT,15:00,"BLT 35",1,6,10,Kickoff,"Kick Return",,0,0,"(15:00) 14-Thomas Morneau kicks 65 yards from BLT 35 to PIT 0. 27-Larry Martinez to PIT 23 for 23 yards. Tackle by 44-James Mueller.",,,,,,,,,,,,,,,,,,,,,,,,,,,,,,,,,,,,,,"#27 Larry Martinez - RB",,"#28 Barry Needham - CB","#29 Leon Wyatt - WLB","#51 Joshua Gil - MLB","#58 Joshua Davis - SLB","#55 Lee Kelley - RDE","#59 Quentin Blandon - SLB","#91 Jeremiah Gayle - WLB","#30 Louis Moran - FS","#23 Genaro Evans - CB","#1 Ray Clow - SLB","#14 Thomas Morneau - K",,,,,,,,,,,,,,,,,,,,
PIT,14:56,"PIT 23",1,1,10,"Goal Line Normal HB Toss Strong","Goal Line Attack #2",-1,0,0,"1-10-PIT 23 (14:56) 41-Matthew Goebel ran to PIT 23 for -1 yards. Tackle by 94-Adam Garnes.","#3 Brian White - QB","#41 Matthew Goebel - RB",,"#40 Nathanael Allen - RB","#38 John King - FB","#80 Fred Hampton - TE","#85 Hollis Cross - TE",,,,,,"#19 Agustin Fiecke - WR","#35 James Roberge - RT","#73 Paul Westley - C","#50 David Ethier - RG","#48 James Kimbell - LT",,"#62 Eugene Wortham - LDE","#64 Tony Fisher - DT","#96 Juan Rodriguez - DT","#90 William Chan - DT","#97 Peter Carson - RDE","#50 Ralph Brock - SLB","#94 Adam Garnes - CB",,"#1 Mark Delagarza - RDE","#29 Jason Chacko - CB","#41 Nicholas Reed - CB",,,,"#30 James Knapp - CB",,,,,,,,,,,,,,,,,,,,,,,,,,,,,,,,,,,,,
PIT,14:22,"PIT 23",1,2,11,"I Formation Normal HB Dive","46 Normal Strong Blitz",1,0,0,"2-11-PIT 23 (14:21) 41-Matthew Goebel ran to PIT 24 for 1 yards. Tackle by 90-William Chan.","#3 Brian White - QB","#41 Matthew Goebel - RB",,,"#38 John King - FB","#80 Fred Hampton - TE",,"#18 Frederick Sharp - WR",,"#19 Agustin Fiecke - WR",,,"#85 Hollis Cross - TE","#35 James Roberge - RT","#73 Paul Westley - C","#50 David Ethier - RG","#48 James Kimbell - LT",,"#62 Eugene Wortham - LDE",,"#96 Juan Rodriguez - DT","#90 William Chan - DT","#72 Jacob Hills - RDE","#50 Ralph Brock - SLB","#94 Adam Garnes - CB",,"#1 Mark Delagarza - RDE","#44 James Mueller - RDE","#29 Jason Chacko - CB",,,,"#30 James Knapp - CB","#34 David Churchill - RDE",,,,,,,,,,,,,,,,,,,,,,,,,,,,,,,,,,,,
PIT,13:43,"PIT 24",1,3,10,"I Formation 3WR HB Inside Weak","Nickel Strong 2 Deep Man Under",4,0,0,"3-10-PIT 24 (13:42) 41-Matthew Goebel ran to PIT 28 for 4 yards. Tackle by 94-Adam Garnes.","#3 Brian White - QB","#41 Matthew Goebel - RB",,,"#38 John King - FB",,,"#18 Frederick Sharp - WR","#10 Patrick Howard - WR","#19 Agustin Fiecke - WR",,,"#50 David Ethier - RG","#35 James Roberge - RT","#73 Paul Westley - C","#85 Hollis Cross - TE","#48 James Kimbell - LT",,"#62 Eugene Wortham - LDE",,"#96 Juan Rodriguez - DT","#90 William Chan - DT","#72 Jacob Hills - RDE",,"#94 Adam Garnes - CB",,"#1 Mark Delagarza - RDE","#44 James Mueller - RDE","#29 Jason Chacko - CB",,"#41 Nicholas Reed - CB",,"#34 David Churchill - RDE","#30 James Knapp - CB",,,,,,,,,,,,,,,,,,,,,,,,,,,,,,,,,,,,
PIT,13:08,"PIT 28",1,4,5,Punt,"Punt Return",,0,0,"4-5-PIT 28 (13:07) 2-Robert Spence punts 49 yards to BLT 23. 4-Douglas Jordan to BLT 32 for 9 yards. 4-Douglas Jordan FUMBLES (35-James Roberge) recovered by BLT-93-Christopher Payton at BLT 30. Tackle by 35-James Roberge.",,,,,,,,,,,,,,,,,,"#2 Robert Spence - P",,,,,,,,,,,,,,,,,,,"#73 Paul Westley - C",,"#4 Douglas Jordan - WR",,,"#44 James Mueller - RDE","#26 Michael Webster - CB","#30 James Knapp - CB",,"#35 Paul Garcia - SS","#34 David Churchill - RDE",,"#27 Joshua Lemmon - CB",,,,"#56 Edward Goggans - WLB","#57 Andrew Harris - LDE","#48 James Kimbell - LT","#35 James Roberge - RT","#50 David Ethier - RG","#98 Dwayne Marquez - DT",,"#62 Eugene Wortham - LDE","#1 Christopher Payton - CB","#90 William Chan - DT","#72 Jacob Hills - RDE",,,,,,,
BLT,12:56,"BLT 30",1,1,10,"I Formation Normal HB Dive","3-4 Normal 4 Deep QB Spy",11,0,0,"1-10-BLT 30 (12:57) 35-Albert Convery ran to BLT 41 for 11 yards. Tackle by 30-Louis Moran.","#19 Sean Ogden - QB","#47 Albert Convery - RB",,,"#48 Glenn White - FB","#82 Gerald Parsons - RB",,"#4 Douglas Jordan - WR",,"#16 John Gardea - WR",,,"#78 Richard Crisp - C","#56 Justin Bruns - LG","#73 Bobby Quick - C","#55 Charles Palmer - RG","#65 Daniel Royse - RT",,"#57 Andrew Harris - LDE",,"#75 Leon Leonard - DT",,"#55 Lee Kelley - RDE","#59 Quentin Blandon - SLB","#51 Joshua Gil - MLB","#92 Murray Parsons - MLB","#91 Jeremiah Gayle - WLB","#33 Donald Brand - CB","#39 Michael Simmons - CB",,,,"#34 Wesley Parr - SS","#30 Louis Moran - FS",,,,,,,,,,,,,,,,,,,,,,,,,,,,,,,,,,,,
BLT,12:20,"BLT 41",1,1,10,"I Formation Power HB Draw","Goal Line Attack #2",-1,0,0,"1-10-BLT 41 (12:19) 35-Albert Convery ran to BLT 40 for -1 yards. Tackle by 51-Joshua Gil. PENALTY - Facemask (PIT 57-Andrew Harris)","#19 Sean Ogden - QB","#47 Albert Convery - RB",,"#22 Wm Jones - C","#48 Glenn White - FB","#82 Gerald Parsons - RB",,"#4 Douglas Jordan - WR",,,,,"#78 Richard Crisp - C","#56 Justin Bruns - LG","#73 Bobby Quick - C","#55 Charles Palmer - RG","#65 Daniel Royse - RT",,"#57 Andrew Harris - LDE","#21 Edward Linch - LDE","#75 Leon Leonard - DT","#98 Dwayne Marquez - DT","#55 Lee Kelley - RDE","#59 Quentin Blandon - SLB","#51 Joshua Gil - MLB",,"#91 Jeremiah Gayle - WLB","#33 Donald Brand - CB","#39 Michael Simmons - CB",,,,"#34 Wesley Parr - SS",,,,,,,,,,,,,,,,,,,,,,,,,,,,,,,,,,,,,
BLT,12:17,"PIT 45",1,1,10,"Goal Line Normal HB Pitch Weak","Goal Line Attack #2",,0,0,"1-10-PIT 45 (12:18) 35-Albert Convery ran to PIT 44 for a short gain. Tackle by 91-Jeremiah Gayle.","#19 Sean Ogden - QB","#47 Albert Convery - RB",,"#22 Wm Jones - C","#48 Glenn White - FB","#82 Gerald Parsons - RB","#89 Mark Broughton - C",,,,,,"#78 Richard Crisp - C","#56 Justin Bruns - LG","#73 Bobby Quick - C","#55 Charles Palmer - RG","#65 Daniel Royse - RT",,"#57 Andrew Harris - LDE","#21 Edward Linch - LDE","#75 Leon Leonard - DT","#98 Dwayne Marquez - DT","#55 Lee Kelley - RDE","#59 Quentin Blandon - SLB","#51 Joshua Gil - MLB",,"#91 Jeremiah Gayle - WLB","#33 Donald Brand - CB","#39 Michael Simmons - CB",,,,"#34 Wesley Parr - SS",,,,,,,,,,,,,,,,,,,,,,,,,,,,,,,,,,,,,
BLT,11:42,"PIT 44",1,2,10,"I Formation 3WR HB Toss Strong","Nickel Normal Man Cover 2",-3,0,0,"2-10-PIT 44 (11:41) 35-Albert Convery ran to PIT 47 for -3 yards. Tackle by 57-Andrew Harris.","#19 Sean Ogden - QB","#47 Albert Convery - RB",,,"#48 Glenn White - FB",,,"#4 Douglas Jordan - WR","#86 Boyd Williams - WR","#16 John Gardea - WR",,,"#78 Richard Crisp - C","#56 Justin Bruns - LG","#73 Bobby Quick - C","#55 Charles Palmer - RG","#65 Daniel Royse - RT",,"#57 Andrew Harris - LDE",,"#75 Leon Leonard - DT","#98 Dwayne Marquez - DT","#55 Lee Kelley - RDE",,"#51 Joshua Gil - MLB",,"#91 Jeremiah Gayle - WLB","#33 Donald Brand - CB","#39 Michael Simmons - CB",,"#31 Lee Waldrop - CB",,"#34 Wesley Parr - SS","#30 Louis Moran - FS",,,,,,,,,,,,,,,,,,,,,,,,,,,,,,,,,,,,
BLT,11:03,"PIT 47",1,3,13,"I Formation Normal PA Streaks","3-4 Normal 2 Deep Man",-8,0,0,"3-13-PIT 47 (11:02) 19-Sean Ogden sacked at BLT 45 for -8 yards (55-Lee Kelley). Sack allowed by 56-Justin Bruns.","#19 Sean Ogden - QB","#47 Albert Convery - RB",,,"#48 Glenn White - FB","#82 Gerald Parsons - RB",,"#4 Douglas Jordan - WR",,"#16 John Gardea - WR",,,"#78 Richard Crisp - C","#56 Justin Bruns - LG","#73 Bobby Quick - C","#55 Charles Palmer - RG","#65 Daniel Royse - RT",,"#57 Andrew Harris - LDE",,"#75 Leon Leonard - DT",,"#55 Lee Kelley - RDE","#59 Quentin Blandon - SLB","#51 Joshua Gil - MLB","#92 Murray Parsons - MLB","#91 Jeremiah Gayle - WLB","#33 Donald Brand - CB","#39 Michael Simmons - CB",,,,"#34 Wesley Parr - SS","#30 Louis Moran - FS",,,,,,,,,,,,,,,,,,,,,,,,,,,,,,,,,,,,
BLT,10:19,"BLT 45",1,4,21,Punt,"Punt Return",38,0,0,"4-21-BLT 45 (10:18) 6-George Gonzalez punts 38 yards to PIT 17.",,,,,,,,,,,,,,,,,,"#6 George Gonzalez - P",,,,,,,,,,,,,,,,,,,"#73 Bobby Quick - C",,"#18 Frederick Sharp - WR",,,"#91 Jeremiah Gayle - WLB","#59 Quentin Blandon - SLB","#51 Joshua Gil - MLB",,"#30 Louis Moran - FS","#1 Ray Clow - SLB",,"#29 Leon Wyatt - WLB",,,,"#56 Justin Bruns - LG","#60 James Speegle - LG","#78 Richard Crisp - C","#58 Porfirio Masters - LT","#53 Robert Roof - RT","#57 Jonathan Proctor - RT",,"#92 Murray Parsons - MLB","#55 Lee Kelley - RDE","#58 Joshua Davis - SLB","#75 Leon Leonard - DT",,,,,,,
PIT,10:08,"PIT 17",1,1,10,"I Formation 3WR SE Post","Nickel 3-3-5 Cover 2 Man Under",4,0,0,"1-10-PIT 17 (10:09) 3-Brian White pass complete to 41-Matthew Goebel to PIT 21 for 4 yards. Tackle by 44-James Mueller.","#3 Brian White - QB","#41 Matthew Goebel - RB",,,"#38 John King - FB",,,"#18 Frederick Sharp - WR","#10 Patrick Howard - WR","#19 Agustin Fiecke - WR",,,"#48 James Kimbell - LT","#73 Paul Westley - C","#85 Hollis Cross - TE","#50 David Ethier - RG","#35 James Roberge - RT",,"#62 Eugene Wortham - LDE",,"#96 Juan Rodriguez - DT",,"#72 Jacob Hills - RDE","#50 Ralph Brock - SLB","#94 Adam Garnes - CB",,"#1 Mark Delagarza - RDE","#44 James Mueller - RDE","#29 Jason Chacko - CB",,"#41 Nicholas Reed - CB",,"#31 William Graham - LDE","#34 David Churchill - RDE",,,,,,,,,,,,,,,,,,,,,,,,,,,,,,,,,,,,
PIT,9:29,"PIT 21",1,2,6,"Shotgun 2 RB 3 WR WR Hooks","Nickel 3-3-5 Cover 2 Man Under",,0,0,"2-6-PIT 21 (9:28) 3-Brian White pass incomplete, intended for 18-Frederick Sharp.","#3 Brian White - QB","#41 Matthew Goebel - RB","#40 Nathanael Allen - RB",,,,,"#18 Frederick Sharp - WR","#10 Patrick Howard - WR","#19 Agustin Fiecke - WR",,,"#48 James Kimbell - LT","#35 James Roberge - RT","#73 Paul Westley - C","#85 Hollis Cross - TE","#50 David Ethier - RG",,"#62 Eugene Wortham - LDE",,"#96 Juan Rodriguez - DT",,"#72 Jacob Hills - RDE","#50 Ralph Brock - SLB","#94 Adam Garnes - CB",,"#1 Mark Delagarza - RDE","#44 James Mueller - RDE","#29 Jason Chacko - CB",,"#41 Nicholas Reed - CB",,"#34 David Churchill - RDE","#30 James Knapp - CB",,,,,,,,,,,,,,,,,,,,,,,,,,,,,,,,,,,,
PIT,9:24,"PIT 21",1,3,6,"I Formation Power HB Strong Outside","Goal Line 3 Deep Man",5,0,0,"3-6-PIT 21 (9:25) 41-Matthew Goebel ran to PIT 26 for 5 yards. Tackle by 64-Tony Fisher.","#3 Brian White - QB","#41 Matthew Goebel - RB",,"#40 Nathanael Allen - RB","#38 John King - FB","#80 Fred Hampton - TE",,"#18 Frederick Sharp - WR",,,,,"#85 Hollis Cross - TE","#35 James Roberge - RT","#73 Paul Westley - C","#50 David Ethier - RG","#48 James Kimbell - LT",,"#62 Eugene Wortham - LDE","#64 Tony Fisher - DT","#96 Juan Rodriguez - DT","#90 William Chan - DT","#72 Jacob Hills - RDE","#50 Ralph Brock - SLB","#94 Adam Garnes - CB",,"#1 Mark Delagarza - RDE","#44 James Mueller - RDE","#29 Jason Chacko - CB",,,,"#30 James Knapp - CB",,,,,,,,,,,,,,,,,,,,,,,,,,,,,,,,,,,,,
PIT,8:41,"PIT 26",1,4,2,Punt,"Punt Return",,0,0,"4-2-PIT 26 (8:40) 2-Robert Spence punts 52 yards to BLT 22. 4-Douglas Jordan FUMBLES recovered by BLT-4-Douglas Jordan at BLT 22. Tackle by 51-Joshua Gil.",,,,,,,,,,,,,,,,,,"#2 Robert Spence - P",,,,,,,,,,,,,,,,,,,"#73 Paul Westley - C",,"#4 Douglas Jordan - WR",,,"#44 James Mueller - RDE","#26 Michael Webster - CB","#30 James Knapp - CB",,"#35 Paul Garcia - SS","#34 David Churchill - RDE",,"#27 Joshua Lemmon - CB",,,,"#56 Edward Goggans - WLB","#57 Andrew Harris - LDE","#48 James Kimbell - LT","#35 James Roberge - RT","#50 David Ethier - RG","#98 Dwayne Marquez - DT",,"#62 Eugene Wortham - LDE","#1 Christopher Payton - CB","#90 William Chan - DT","#72 Jacob Hills - RDE",,,,,,,
BLT,8:31,"BLT 22",1,1,10,"Singleback Slot Strong HB Counter","Nickel 3-3-5 Cover 2 Man Under",12,0,0,"1-10-BLT 22 (8:32) 35-Albert Convery ran to BLT 34 for 12 yards. Tackle by 39-Michael Simmons.","#19 Sean Ogden - QB","#47 Albert Convery - RB",,,,"#82 Gerald Parsons - RB",,"#4 Douglas Jordan - WR","#86 Boyd Williams - WR","#16 John Gardea - WR",,,"#78 Richard Crisp - C","#56 Justin Bruns - LG","#73 Bobby Quick - C","#55 Charles Palmer - RG","#65 Daniel Royse - RT",,"#57 Andrew Harris - LDE",,"#75 Leon Leonard - DT",,"#55 Lee Kelley - RDE","#59 Quentin Blandon - SLB","#92 Murray Parsons - MLB",,"#29 Leon Wyatt - WLB","#33 Donald Brand - CB","#39 Michael Simmons - CB",,"#31 Lee Waldrop - CB",,"#34 Wesley Parr - SS","#30 Louis Moran - FS",,,,,,,,,,,,,,,,,,,,,,,,,,,,,,,,,,,,
BLT,7:48,"BLT 34",1,1,10,"Shotgun Normal HB Flare","Nickel 3-3-5 Cover 2 Man Under",,0,0,"1-10-BLT 34 (7:47) 19-Sean Ogden pass complete to 35-Albert Convery to BLT 34 for a short gain. Tackle by 33-Donald Brand.","#19 Sean Ogden - QB","#47 Albert Convery - RB",,,,"#82 Gerald Parsons - RB",,"#4 Douglas Jordan - WR","#86 Boyd Williams - WR","#16 John Gardea - WR",,,"#78 Richard Crisp - C","#56 Justin Bruns - LG","#73 Bobby Quick - C","#55 Charles Palmer - RG","#65 Daniel Royse - RT",,"#57 Andrew Harris - LDE",,"#75 Leon Leonard - DT",,"#55 Lee Kelley - RDE","#59 Quentin Blandon - SLB","#51 Joshua Gil - MLB",,"#91 Jeremiah Gayle - WLB","#33 Donald Brand - CB","#39 Michael Simmons - CB",,"#31 Lee Waldrop - CB",,"#34 Wesley Parr - SS","#30 Louis Moran - FS",,,,,,,,,,,,,,,,,,,,,,,,,,,,,,,,,,,,
BLT,7:04,"BLT 34",1,2,10,"Singleback Empty 4 Slot Crosses","Dime Normal Double WR1 WR2",9,0,0,"2-10-BLT 34 (7:03) 19-Sean Ogden pass complete to 18-Michael Head to BLT 43 for 9 yards. Tackle by 23-Genaro Evans. 18-Michael Head made a great move on the CB. Pressure by 57-Andrew Harris.","#19 Sean Ogden - QB",,,,,"#82 Gerald Parsons - RB",,"#4 Douglas Jordan - WR","#86 Boyd Williams - WR","#16 John Gardea - WR","#18 Michael Head - WR",,"#78 Richard Crisp - C","#56 Justin Bruns - LG","#73 Bobby Quick - C","#55 Charles Palmer - RG","#65 Daniel Royse - RT",,"#57 Andrew Harris - LDE",,"#75 Leon Leonard - DT","#98 Dwayne Marquez - DT","#55 Lee Kelley - RDE",,"#51 Joshua Gil - MLB",,,"#33 Donald Brand - CB","#39 Michael Simmons - CB","#23 Genaro Evans - CB","#31 Lee Waldrop - CB",,"#34 Wesley Parr - SS","#30 Louis Moran - FS",,,,,,,,,,,,,,,,,,,,,,,,,,,,,,,,,,,,
BLT,6:22,"BLT 43",1,3,1,"Goal Line Normal HB Outside Strong","Goal Line Attack #3",-1,0,0,"3-1-BLT 43 (6:21) 35-Albert Convery ran to BLT 41 for -1 yards. Tackle by 51-Joshua Gil.","#19 Sean Ogden - QB","#47 Albert Convery - RB",,"#22 Wm Jones - C","#48 Glenn White - FB","#82 Gerald Parsons - RB","#89 Mark Broughton - C",,,,,,"#78 Richard Crisp - C","#56 Justin Bruns - LG","#73 Bobby Quick - C","#55 Charles Palmer - RG","#65 Daniel Royse - RT",,"#57 Andrew Harris - LDE","#21 Edward Linch - LDE","#75 Leon Leonard - DT","#98 Dwayne Marquez - DT","#55 Lee Kelley - RDE","#59 Quentin Blandon - SLB","#51 Joshua Gil - MLB",,"#91 Jeremiah Gayle - WLB","#33 Donald Brand - CB","#39 Michael Simmons - CB",,,,"#34 Wesley Parr - SS",,,,,,,,,,,,,,,,,,,,,,,,,,,,,,,,,,,,,
BLT,5:40,"BLT 41",1,4,2,Punt,"Punt Return",54,0,0,"4-2-BLT 41 (5:39) 6-George Gonzalez punts 54 yards to PIT 5.",,,,,,,,,,,,,,,,,,"#6 George Gonzalez - P",,,,,,,,,,,,,,,,,,,"#73 Bobby Quick - C",,"#18 Frederick Sharp - WR",,,"#51 Joshua Gil - MLB","#59 Quentin Blandon - SLB","#55 Lee Kelley - RDE",,"#30 Louis Moran - FS","#1 Ray Clow - SLB",,"#29 Leon Wyatt - WLB",,,,"#56 Justin Bruns - LG","#60 James Speegle - LG","#78 Richard Crisp - C","#58 Porfirio Masters - LT","#53 Robert Roof - RT","#57 Jonathan Proctor - RT",,"#92 Murray Parsons - MLB","#91 Jeremiah Gayle - WLB","#58 Joshua Davis - SLB","#75 Leon Leonard - DT",,,,,,,
PIT,5:29,"PIT 5",1,1,10,"Shotgun Normal HB Flare","Nickel 3-3-5 Cover 2 Man Under",34,0,0,"1-10-PIT 5 (5:30) 3-Brian White pass complete to 41-Matthew Goebel to PIT 39 for 34 yards. PIT 10-Patrick Howard was injured on the play. He looks like he should be able to return. PIT 48-James Kimbell was injured on the play. He looks like he should be able to return.","#3 Brian White - QB","#41 Matthew Goebel - RB",,,,"#80 Fred Hampton - TE",,"#18 Frederick Sharp - WR","#10 Patrick Howard - WR","#19 Agustin Fiecke - WR",,,"#48 James Kimbell - LT","#35 James Roberge - RT","#85 Hollis Cross - TE","#50 David Ethier - RG","#73 Paul Westley - C",,"#62 Eugene Wortham - LDE",,"#96 Juan Rodriguez - DT",,"#72 Jacob Hills - RDE","#50 Ralph Brock - SLB","#94 Adam Garnes - CB",,"#1 Mark Delagarza - RDE","#44 James Mueller - RDE","#29 Jason Chacko - CB",,"#41 Nicholas Reed - CB",,"#31 William Graham - LDE","#34 David Churchill - RDE",,,,,,,,,,,,,,,,,,,,,,,,,,,,,,,,,,,,
PIT,4:42,"PIT 39",1,1,10,"I Formation 3WR HB Inside Weak","Nickel Normal 2 Deep",1,0,0,"1-10-PIT 39 (4:41) 40-Nathanael Allen ran to PIT 39 for 1 yards. Tackle by 72-Jacob Hills.","#3 Brian White - QB","#40 Nathanael Allen - RB",,,"#38 John King - FB",,,"#18 Frederick Sharp - WR","#13 Jorge Brown - WR","#19 Agustin Fiecke - WR",,,"#4 Duane Salgado - RB","#35 James Roberge - RT","#73 Paul Westley - C","#50 David Ethier - RG","#85 Hollis Cross - TE",,"#62 Eugene Wortham - LDE",,"#96 Juan Rodriguez - DT","#90 William Chan - DT","#72 Jacob Hills - RDE",,"#94 Adam Garnes - CB",,"#1 Mark Delagarza - RDE","#29 Jason Chacko - CB","#41 Nicholas Reed - CB",,"#27 Joshua Lemmon - CB",,"#30 James Knapp - CB","#34 David Churchill - RDE",,,,,,,,,,,,,,,,,,,,,,,,,,,,,,,,,,,,
PIT,4:08,"PIT 39",1,2,9,"I Formation 3WR Slot Short WR Deep","Nickel Normal 2 Deep",4,0,0,"2-9-PIT 39 (4:07) 3-Brian White pass complete to 13-Jorge Brown to PIT 44 for 4 yards. Tackle by 27-Joshua Lemmon. 13-Jorge Brown did some fancy footwork there. PIT 68-Paul Westley was injured on the play. He looks like he should be able to return.","#3 Brian White - QB","#40 Nathanael Allen - RB",,,"#38 John King - FB",,,"#18 Frederick Sharp - WR","#13 Jorge Brown - WR","#19 Agustin Fiecke - WR",,,"#35 James Roberge - RT","#73 Paul Westley - C","#89 Israel Wick - RB","#50 David Ethier - RG","#85 Hollis Cross - TE",,"#62 Eugene Wortham - LDE",,"#96 Juan Rodriguez - DT","#90 William Chan - DT","#72 Jacob Hills - RDE",,"#94 Adam Garnes - CB",,"#1 Mark Delagarza - RDE","#29 Jason Chacko - CB","#41 Nicholas Reed - CB",,"#27 Joshua Lemmon - CB",,"#30 James Knapp - CB","#34 David Churchill - RDE",,,,,,,,,,,,,,,,,,,,,,,,,,,,,,,,,,,,
PIT,3:35,"PIT 44",1,3,5,"I Formation 3WR HB Toss Strong","Nickel Normal Man Cover 2",-0,0,0,"3-5-PIT 44 (3:34) 40-Nathanael Allen ran to PIT 44 for a short loss. Tackle by 93-Mark Delagarza.","#3 Brian White - QB","#40 Nathanael Allen - RB",,,"#38 John King - FB",,,"#18 Frederick Sharp - WR","#13 Jorge Brown - WR","#19 Agustin Fiecke - WR",,,"#50 David Ethier - RG","#35 James Roberge - RT","#85 Hollis Cross - TE","#4 Duane Salgado - RB","#89 Israel Wick - RB",,"#62 Eugene Wortham - LDE",,"#96 Juan Rodriguez - DT","#90 William Chan - DT","#72 Jacob Hills - RDE",,"#94 Adam Garnes - CB",,"#1 Mark Delagarza - RDE","#44 James Mueller - RDE","#29 Jason Chacko - CB",,"#41 Nicholas Reed - CB",,"#34 David Churchill - RDE","#30 James Knapp - CB",,,,,,,,,,,,,,,,,,,,,,,,,,,,,,,,,,,,
PIT,2:58,"PIT 44",1,4,5,Punt,"Punt Return",,0,0,"4-5-PIT 44 (2:57) 2-Robert Spence punts 51 yards to BLT 6. 4-Douglas Jordan to BLT 7 for 1 yards. Tackle by 51-Joshua Gil.",,,,,,,,,,,,,,,,,,"#2 Robert Spence - P",,,,,,,,,,,,,,,,,,,"#41 Matthew Goebel - RB",,"#4 Douglas Jordan - WR",,,"#44 James Mueller - RDE","#41 Nicholas Reed - CB","#30 James Knapp - CB",,"#35 Paul Garcia - SS","#27 Joshua Lemmon - CB",,"#26 Michael Webster - CB",,,,"#98 Dwayne Marquez - DT","#56 Edward Goggans - WLB","#35 James Roberge - RT","#50 David Ethier - RG","#57 Andrew Harris - LDE","#59 Quentin Blandon - SLB",,"#62 Eugene Wortham - LDE","#1 Christopher Payton - CB","#90 William Chan - DT","#72 Jacob Hills - RDE",,,,,,,
BLT,2:48,"BLT 7",1,1,10,"Shotgun 2 RB 3 WR Shotgun Sweep","Nickel Normal SS Blitz",-2,0,0,"1-10-BLT 7 (2:49) 22-Wm Jones ran to BLT 5 for -2 yards. Tackle by 34-Wesley Parr.","#19 Sean Ogden - QB","#47 Albert Convery - RB","#22 Wm Jones - C",,,,,"#4 Douglas Jordan - WR","#86 Boyd Williams - WR","#16 John Gardea - WR",,,"#78 Richard Crisp - C","#56 Justin Bruns - LG","#73 Bobby Quick - C","#55 Charles Palmer - RG","#65 Daniel Royse - RT",,"#57 Andrew Harris - LDE",,"#75 Leon Leonard - DT","#98 Dwayne Marquez - DT","#55 Lee Kelley - RDE",,"#92 Murray Parsons - MLB",,"#91 Jeremiah Gayle - WLB","#33 Donald Brand - CB","#39 Michael Simmons - CB",,"#31 Lee Waldrop - CB",,"#34 Wesley Parr - SS","#30 Louis Moran - FS",,,,,,,,,,,,,,,,,,,,,,,,,,,,,,,,,,,,
BLT,2:15,"BLT 5",1,2,12,"Shotgun 2 RB 3 WR FB In","Nickel 3-3-5 Weak Side Blitz",17,0,0,"2-12-BLT 5 (2:14) 19-Sean Ogden pass complete to 22-Wm Jones to BLT 22 for 17 yards. Pushed out of bounds by 30-Louis Moran.","#19 Sean Ogden - QB","#47 Albert Convery - RB","#22 Wm Jones - C",,,,,"#4 Douglas Jordan - WR","#86 Boyd Williams - WR","#16 John Gardea - WR",,,"#78 Richard Crisp - C","#56 Justin Bruns - LG","#73 Bobby Quick - C","#55 Charles Palmer - RG","#65 Daniel Royse - RT",,"#57 Andrew Harris - LDE",,"#75 Leon Leonard - DT",,"#55 Lee Kelley - RDE","#59 Quentin Blandon - SLB","#51 Joshua Gil - MLB",,"#91 Jeremiah Gayle - WLB","#33 Donald Brand - CB","#39 Michael Simmons - CB",,"#31 Lee Waldrop - CB",,"#34 Wesley Parr - SS","#30 Louis Moran - FS",,,,,,,,,,,,,,,,,,,,,,,,,,,,,,,,,,,,
BLT,1:26,"BLT 22",1,1,10,"Singleback Slot Strong Off Tackle Strong","Nickel 3-3-5 Weak Side Blitz",-0,0,0,"1-10-BLT 22 (1:25) 48-Glenn White ran to BLT 22 for a short loss. Tackle by 57-Andrew Harris. 82-Gerald Parsons missed that block completely.","#19 Sean Ogden - QB","#48 Glenn White - FB",,,,"#82 Gerald Parsons - RB",,"#4 Douglas Jordan - WR","#86 Boyd Williams - WR","#16 John Gardea - WR",,,"#78 Richard Crisp - C","#56 Justin Bruns - LG","#73 Bobby Quick - C","#55 Charles Palmer - RG","#65 Daniel Royse - RT",,"#57 Andrew Harris - LDE",,"#75 Leon Leonard - DT",,"#55 Lee Kelley - RDE","#59 Quentin Blandon - SLB","#51 Joshua Gil - MLB",,"#91 Jeremiah Gayle - WLB","#33 Donald Brand - CB","#39 Michael Simmons - CB",,"#31 Lee Waldrop - CB",,"#34 Wesley Parr - SS","#30 Louis Moran - FS",,,,,,,,,,,,,,,,,,,,,,,,,,,,,,,,,,,,
BLT,0:48,"BLT 22",1,2,10,"Shotgun Normal Double Outs","Nickel 3-3-5 Weak Side Blitz",17,0,0,"2-10-BLT 22 (0:47) 19-Sean Ogden pass complete to 86-Boyd Williams to BLT 39 for 17 yards. Tackle by 39-Michael Simmons.","#19 Sean Ogden - QB","#47 Albert Convery - RB",,,,"#82 Gerald Parsons - RB",,"#4 Douglas Jordan - WR","#86 Boyd Williams - WR","#16 John Gardea - WR",,,"#78 Richard Crisp - C","#56 Justin Bruns - LG","#73 Bobby Quick - C","#55 Charles Palmer - RG","#65 Daniel Royse - RT",,"#57 Andrew Harris - LDE",,"#75 Leon Leonard - DT",,"#55 Lee Kelley - RDE","#59 Quentin Blandon - SLB","#51 Joshua Gil - MLB",,"#91 Jeremiah Gayle - WLB","#33 Donald Brand - CB","#39 Michael Simmons - CB",,"#31 Lee Waldrop - CB",,"#34 Wesley Parr - SS","#30 Louis Moran - FS",,,,,,,,,,,,,,,,,,,,,,,,,,,,,,,,,,,,
BLT,0:10,"BLT 39",1,1,10,"Shotgun Normal Deep Weak In and Out","Nickel 3-3-5 Cover 2 Man Under",,0,0,"1-10-BLT 39 (0:09) 19-Sean Ogden pass incomplete, dropped by 82-Gerald Parsons. The coverage on that play was extremely tight. Pressure by 75-Leon Leonard.","#19 Sean Ogden - QB","#22 Wm Jones - C",,,,"#82 Gerald Parsons - RB",,"#4 Douglas Jordan - WR","#16 John Gardea - WR","#18 Michael Head - WR",,,"#78 Richard Crisp - C","#56 Justin Bruns - LG","#73 Bobby Quick - C","#55 Charles Palmer - RG","#65 Daniel Royse - RT",,"#57 Andrew Harris - LDE",,"#75 Leon Leonard - DT",,"#55 Lee Kelley - RDE","#59 Quentin Blandon - SLB","#92 Murray Parsons - MLB",,"#91 Jeremiah Gayle - WLB","#33 Donald Brand - CB","#28 Barry Needham - CB",,"#47 Brian Campanelli - CB",,"#42 Pablo Glass - SS","#23 Genaro Evans - CB",,,,,,,,,,,,,,,,,,,,,,,,,,,,,,,,,,,,
BLT,0:04,"BLT 39",1,2,10,"Goal Line Normal HB Weak","Goal Line Attack #2",-1,0,0,"2-10-BLT 39 (0:05) 35-Albert Convery ran to BLT 38 for -1 yards. Tackle by 55-Lee Kelley.","#19 Sean Ogden - QB","#47 Albert Convery - RB",,"#22 Wm Jones - C","#48 Glenn White - FB","#82 Gerald Parsons - RB","#89 Mark Broughton - C",,,,,,"#78 Richard Crisp - C","#56 Justin Bruns - LG","#73 Bobby Quick - C","#55 Charles Palmer - RG","#65 Daniel Royse - RT",,"#57 Andrew Harris - LDE","#21 Edward Linch - LDE","#75 Leon Leonard - DT","#98 Dwayne Marquez - DT","#55 Lee Kelley - RDE","#58 Joshua Davis - SLB","#51 Joshua Gil - MLB",,"#29 Leon Wyatt - WLB","#33 Donald Brand - CB","#39 Michael Simmons - CB",,,,"#42 Pablo Glass - SS",,,,,,,,,,,,,,,,,,,,,,,,,,,,,,,,,,,,,
,0:00,,1,3,11,,,,0,0,"End of first quarter.",,,,,,,,,,,,,,,,,,,,,,,,,,,,,,,,,,,,,,,,,,,,,,,,,,,,,,,,,,,,,,,,,,,,,,
BLT,15:00,"BLT 38",2,3,11,"I Formation Normal PA Streaks","3-4 Normal 4 Deep QB Spy",-7,0,0,"3-11-BLT 38 (15:00) 19-Sean Ogden sacked at BLT 31 for -7 yards (57-Andrew Harris). Sack allowed by 55-Charles Palmer.","#19 Sean Ogden - QB","#47 Albert Convery - RB",,,"#48 Glenn White - FB","#82 Gerald Parsons - RB",,"#4 Douglas Jordan - WR",,"#18 Michael Head - WR",,,"#78 Richard Crisp - C","#56 Justin Bruns - LG","#73 Bobby Quick - C","#55 Charles Palmer - RG","#65 Daniel Royse - RT",,"#57 Andrew Harris - LDE",,"#75 Leon Leonard - DT",,"#55 Lee Kelley - RDE","#59 Quentin Blandon - SLB","#51 Joshua Gil - MLB","#92 Murray Parsons - MLB","#91 Jeremiah Gayle - WLB","#33 Donald Brand - CB","#39 Michael Simmons - CB",,,,"#34 Wesley Parr - SS","#30 Louis Moran - FS",,,,,,,,,,,,,,,,,,,,,,,,,,,,,,,,,,,,
BLT,14:21,"BLT 31",2,4,18,Punt,"Punt Return",,0,0,"4-18-BLT 31 (14:20) 6-George Gonzalez punts 48 yards to PIT 21. 18-Frederick Sharp to PIT 24 for 3 yards. Tackle by 30-James Knapp.",,,,,,,,,,,,,,,,,,"#6 George Gonzalez - P",,,,,,,,,,,,,,,,,,,"#73 Bobby Quick - C",,"#18 Frederick Sharp - WR",,,"#51 Joshua Gil - MLB","#23 Genaro Evans - CB","#55 Lee Kelley - RDE",,"#30 Louis Moran - FS","#29 Leon Wyatt - WLB",,"#59 Quentin Blandon - SLB",,,,"#56 Justin Bruns - LG","#60 James Speegle - LG","#78 Richard Crisp - C","#58 Porfirio Masters - LT","#53 Robert Roof - RT","#57 Jonathan Proctor - RT",,"#1 Ray Clow - SLB","#91 Jeremiah Gayle - WLB","#58 Joshua Davis - SLB","#75 Leon Leonard - DT",,,,,,,
PIT,14:12,"PIT 24",2,1,10,"I Formation 3WR HB Inside Strong","Nickel Normal SS Blitz",2,0,0,"1-10-PIT 24 (14:13) 41-Matthew Goebel ran to PIT 27 for 2 yards. Tackle by 31-William Graham.","#3 Brian White - QB","#41 Matthew Goebel - RB",,,"#38 John King - FB",,,"#18 Frederick Sharp - WR","#10 Patrick Howard - WR","#19 Agustin Fiecke - WR",,,"#85 Hollis Cross - TE","#50 David Ethier - RG","#80 Fred Hampton - TE","#48 James Kimbell - LT","#35 James Roberge - RT",,"#62 Eugene Wortham - LDE",,"#96 Juan Rodriguez - DT","#90 William Chan - DT","#72 Jacob Hills - RDE",,"#94 Adam Garnes - CB",,"#1 Mark Delagarza - RDE","#44 James Mueller - RDE","#29 Jason Chacko - CB",,"#41 Nicholas Reed - CB",,"#31 William Graham - LDE","#34 David Churchill - RDE",,,,,,,,,,,,,,,,,,,,,,,,,,,,,,,,,,,,
PIT,13:33,"PIT 27",2,2,8,"I Formation 3WR PA Fullback Flat","Nickel Normal 2 Deep",5,0,0,"2-8-PIT 27 (13:32) 3-Brian White pass complete to 10-Patrick Howard to PIT 32 for 5 yards. Tackle by 93-Mark Delagarza.","#3 Brian White - QB","#41 Matthew Goebel - RB",,,"#38 John King - FB",,,"#18 Frederick Sharp - WR","#10 Patrick Howard - WR","#19 Agustin Fiecke - WR",,,"#48 James Kimbell - LT","#40 Nathanael Allen - RB","#50 David Ethier - RG","#85 Hollis Cross - TE","#35 James Roberge - RT",,"#62 Eugene Wortham - LDE",,"#96 Juan Rodriguez - DT","#90 William Chan - DT","#72 Jacob Hills - RDE",,"#94 Adam Garnes - CB",,"#1 Mark Delagarza - RDE","#44 James Mueller - RDE","#29 Jason Chacko - CB",,"#41 Nicholas Reed - CB",,"#30 James Knapp - CB","#34 David Churchill - RDE",,,,,,,,,,,,,,,,,,,,,,,,,,,,,,,,,,,,
PIT,12:50,"PIT 32",2,3,2,"Goal Line Normal HB Toss Strong","Goal Line Attack #2",1,0,0,"3-2-PIT 32 (12:49) 41-Matthew Goebel ran to PIT 33 for 1 yards. Tackle by 93-Mark Delagarza.","#3 Brian White - QB","#41 Matthew Goebel - RB",,"#40 Nathanael Allen - RB","#38 John King - FB","#80 Fred Hampton - TE","#85 Hollis Cross - TE",,,,,,"#19 Agustin Fiecke - WR","#50 David Ethier - RG","#18 Frederick Sharp - WR","#48 James Kimbell - LT","#35 James Roberge - RT",,"#62 Eugene Wortham - LDE","#64 Tony Fisher - DT","#96 Juan Rodriguez - DT","#90 William Chan - DT","#72 Jacob Hills - RDE","#50 Ralph Brock - SLB","#94 Adam Garnes - CB",,"#1 Mark Delagarza - RDE","#44 James Mueller - RDE","#29 Jason Chacko - CB",,,,"#30 James Knapp - CB",,,,,,,,,,,,,,,,,,,,,,,,,,,,,,,,,,,,,
PIT,12:09,"PIT 33",2,4,1,Punt,"Punt Return",47,0,0,"4-1-PIT 33 (12:08) 2-Robert Spence punts 47 yards to BLT 19.",,,,,,,,,,,,,,,,,,"#2 Robert Spence - P",,,,,,,,,,,,,,,,,,,"#41 Matthew Goebel - RB",,"#4 Douglas Jordan - WR",,,"#44 James Mueller - RDE","#26 Michael Webster - CB","#30 James Knapp - CB",,"#35 Paul Garcia - SS","#34 David Churchill - RDE",,"#27 Joshua Lemmon - CB",,,,"#56 Edward Goggans - WLB","#57 Andrew Harris - LDE","#48 James Kimbell - LT","#35 James Roberge - RT","#50 David Ethier - RG","#98 Dwayne Marquez - DT",,"#62 Eugene Wortham - LDE","#1 Christopher Payton - CB","#90 William Chan - DT","#72 Jacob Hills - RDE",,,,,,,
BLT,11:59,"BLT 19",2,1,10,"Goal Line Normal HB Dive","Goal Line Attack #2",,0,0,"1-10-BLT 19 (12:00) 35-Albert Convery ran to BLT 20 for a short gain. Tackle by 92-Murray Parsons.","#19 Sean Ogden - QB","#47 Albert Convery - RB",,"#22 Wm Jones - C","#48 Glenn White - FB","#82 Gerald Parsons - RB","#89 Mark Broughton - C",,,,,,"#78 Richard Crisp - C","#56 Justin Bruns - LG","#73 Bobby Quick - C","#55 Charles Palmer - RG","#65 Daniel Royse - RT",,"#21 Edward Linch - LDE","#98 Dwayne Marquez - DT","#75 Leon Leonard - DT","#55 Lee Kelley - RDE","#57 Andrew Harris - LDE","#59 Quentin Blandon - SLB","#92 Murray Parsons - MLB",,"#29 Leon Wyatt - WLB","#33 Donald Brand - CB","#39 Michael Simmons - CB",,,,"#34 Wesley Parr - SS",,,,,,,,,,,,,,,,,,,,,,,,,,,,,,,,,,,,,
BLT,11:18,"BLT 20",2,2,10,"I Formation 3WR SE Post","Nickel 3-3-5 Cover 2 Man Under",5,0,0,"2-10-BLT 20 (11:17) 19-Sean Ogden pass complete to 86-Boyd Williams to BLT 25 for 5 yards. Tackle by 31-Lee Waldrop.","#19 Sean Ogden - QB","#47 Albert Convery - RB",,,"#48 Glenn White - FB",,,"#4 Douglas Jordan - WR","#86 Boyd Williams - WR","#16 John Gardea - WR",,,"#78 Richard Crisp - C","#56 Justin Bruns - LG","#73 Bobby Quick - C","#55 Charles Palmer - RG","#65 Daniel Royse - RT",,"#57 Andrew Harris - LDE",,"#75 Leon Leonard - DT",,"#55 Lee Kelley - RDE","#59 Quentin Blandon - SLB","#51 Joshua Gil - MLB",,"#91 Jeremiah Gayle - WLB","#33 Donald Brand - CB","#39 Michael Simmons - CB",,"#31 Lee Waldrop - CB",,"#34 Wesley Parr - SS","#30 Louis Moran - FS",,,,,,,,,,,,,,,,,,,,,,,,,,,,,,,,,,,,
BLT,10:33,"BLT 25",2,3,5,"I Formation Normal HB Blast","3-4 Normal 2 Deep Man",5,0,0,"3-5-BLT 25 (10:32) 35-Albert Convery ran to BLT 30 for 5 yards. Tackle by 39-Michael Simmons.","#19 Sean Ogden - QB","#47 Albert Convery - RB",,,"#48 Glenn White - FB","#82 Gerald Parsons - RB",,"#4 Douglas Jordan - WR",,"#16 John Gardea - WR",,,"#78 Richard Crisp - C","#56 Justin Bruns - LG","#73 Bobby Quick - C","#55 Charles Palmer - RG","#65 Daniel Royse - RT",,"#57 Andrew Harris - LDE",,"#75 Leon Leonard - DT",,"#55 Lee Kelley - RDE","#59 Quentin Blandon - SLB","#51 Joshua Gil - MLB","#92 Murray Parsons - MLB","#91 Jeremiah Gayle - WLB","#33 Donald Brand - CB","#39 Michael Simmons - CB",,,,"#34 Wesley Parr - SS","#30 Louis Moran - FS",,,,,,,,,,,,,,,,,,,,,,,,,,,,,,,,,,,,
BLT,9:49,"BLT 30",2,1,10,"Shotgun Normal HB Delay","Nickel Normal Double WR3",1,0,0,"1-10-BLT 30 (9:48) 22-Wm Jones ran to BLT 30 for 1 yards. Tackle by 91-Jeremiah Gayle.","#19 Sean Ogden - QB","#22 Wm Jones - C",,,,"#82 Gerald Parsons - RB",,"#4 Douglas Jordan - WR","#86 Boyd Williams - WR","#16 John Gardea - WR",,,"#78 Richard Crisp - C","#56 Justin Bruns - LG","#73 Bobby Quick - C","#55 Charles Palmer - RG","#65 Daniel Royse - RT",,"#57 Andrew Harris - LDE",,"#75 Leon Leonard - DT","#98 Dwayne Marquez - DT","#55 Lee Kelley - RDE",,"#51 Joshua Gil - MLB",,"#91 Jeremiah Gayle - WLB","#33 Donald Brand - CB","#39 Michael Simmons - CB",,"#31 Lee Waldrop - CB",,"#34 Wesley Parr - SS","#30 Louis Moran - FS",,,,,,,,,,,,,,,,,,,,,,,,,,,,,,,,,,,,
BLT,9:14,"BLT 30",2,2,9,"Shotgun Normal HB Delay","Nickel Normal Man Cover 2",1,0,0,"2-9-BLT 30 (9:13) 35-Albert Convery ran to BLT 31 for 1 yards. Tackle by 91-Jeremiah Gayle.","#19 Sean Ogden - QB","#47 Albert Convery - RB",,,,"#82 Gerald Parsons - RB",,"#4 Douglas Jordan - WR","#86 Boyd Williams - WR","#16 John Gardea - WR",,,"#78 Richard Crisp - C","#56 Justin Bruns - LG","#73 Bobby Quick - C","#55 Charles Palmer - RG","#65 Daniel Royse - RT",,"#57 Andrew Harris - LDE",,"#75 Leon Leonard - DT","#98 Dwayne Marquez - DT","#55 Lee Kelley - RDE",,"#51 Joshua Gil - MLB",,"#91 Jeremiah Gayle - WLB","#33 Donald Brand - CB","#39 Michael Simmons - CB",,"#31 Lee Waldrop - CB",,"#34 Wesley Parr - SS","#30 Louis Moran - FS",,,,,,,,,,,,,,,,,,,,,,,,,,,,,,,,,,,,
BLT,8:39,"BLT 31",2,3,8,"I Formation Normal FL Hitch","4-3 Normal WLB MLB Blitz",8,0,0,"3-8-BLT 31 (8:38) 19-Sean Ogden pass complete to 4-Douglas Jordan to BLT 39 for 8 yards. Tackle by 33-Donald Brand.","#19 Sean Ogden - QB","#22 Wm Jones - C",,,"#48 Glenn White - FB","#82 Gerald Parsons - RB",,"#4 Douglas Jordan - WR",,"#16 John Gardea - WR",,,"#78 Richard Crisp - C","#56 Justin Bruns - LG","#73 Bobby Quick - C","#55 Charles Palmer - RG","#65 Daniel Royse - RT",,"#57 Andrew Harris - LDE",,"#75 Leon Leonard - DT","#98 Dwayne Marquez - DT","#55 Lee Kelley - RDE","#59 Quentin Blandon - SLB","#51 Joshua Gil - MLB",,"#91 Jeremiah Gayle - WLB","#33 Donald Brand - CB","#39 Michael Simmons - CB",,,,"#34 Wesley Parr - SS","#30 Louis Moran - FS",,,,,,,,,,,,,,,,,,,,,,,,,,,,,,,,,,,,
BLT,8:01,"BLT 39",2,4,,Punt,"Punt Return",,0,0,"4-1-BLT 39 (8:00) 6-George Gonzalez punts 46 yards to PIT 15. 18-Frederick Sharp to PIT 16 for 0 yards. Tackle by 93-Christopher Payton. PIT 58-Joshua Davis was injured on the play. He looks like he should be able to return.",,,,,,,,,,,,,,,,,,"#6 George Gonzalez - P",,,,,,,,,,,,,,,,,,,"#73 Bobby Quick - C",,"#18 Frederick Sharp - WR",,,"#51 Joshua Gil - MLB","#23 Genaro Evans - CB","#55 Lee Kelley - RDE",,"#30 Louis Moran - FS","#29 Leon Wyatt - WLB",,"#59 Quentin Blandon - SLB",,,,"#56 Justin Bruns - LG","#60 James Speegle - LG","#78 Richard Crisp - C","#58 Porfirio Masters - LT","#53 Robert Roof - RT","#57 Jonathan Proctor - RT",,"#1 Ray Clow - SLB","#91 Jeremiah Gayle - WLB","#58 Joshua Davis - SLB","#75 Leon Leonard - DT",,,,,,,
PIT,7:52,"PIT 16",2,1,10,"I Formation 3WR Slot Corner Long","Nickel Strong 2 Deep Man Under",,0,0,"1-10-PIT 16 (7:53) 3-Brian White pass incomplete, intended for 18-Frederick Sharp.","#3 Brian White - QB","#41 Matthew Goebel - RB",,,"#38 John King - FB",,,"#18 Frederick Sharp - WR","#10 Patrick Howard - WR","#19 Agustin Fiecke - WR",,,"#50 David Ethier - RG","#35 James Roberge - RT","#85 Hollis Cross - TE","#73 Paul Westley - C","#48 James Kimbell - LT",,"#62 Eugene Wortham - LDE",,"#96 Juan Rodriguez - DT","#90 William Chan - DT","#72 Jacob Hills - RDE",,"#94 Adam Garnes - CB",,"#1 Mark Delagarza - RDE","#29 Jason Chacko - CB","#41 Nicholas Reed - CB",,"#27 Joshua Lemmon - CB",,"#34 David Churchill - RDE","#44 James Mueller - RDE",,,,,,,,,,,,,,,,,,,,,,,,,,,,,,,,,,,,
PIT,7:48,"PIT 16",2,2,10,"Shotgun 2 RB 3 WR FB In","Nickel Normal Cover 2",7,0,0,"2-10-PIT 16 (7:49) 3-Brian White pass complete to 18-Frederick Sharp to PIT 23 for 7 yards. Tackle by 93-Mark Delagarza.","#3 Brian White - QB","#41 Matthew Goebel - RB","#40 Nathanael Allen - RB",,,,,"#18 Frederick Sharp - WR","#10 Patrick Howard - WR","#19 Agustin Fiecke - WR",,,"#48 James Kimbell - LT","#35 James Roberge - RT","#73 Paul Westley - C","#50 David Ethier - RG","#85 Hollis Cross - TE",,"#62 Eugene Wortham - LDE",,"#96 Juan Rodriguez - DT","#90 William Chan - DT","#72 Jacob Hills - RDE",,"#94 Adam Garnes - CB",,"#1 Mark Delagarza - RDE","#44 James Mueller - RDE","#29 Jason Chacko - CB",,"#41 Nicholas Reed - CB",,"#30 James Knapp - CB","#34 David Churchill - RDE",,,,,,,,,,,,,,,,,,,,,,,,,,,,,,,,,,,,
PIT,7:03,"PIT 23",2,3,3,"I Formation Normal HB Dive","46 Normal Outside Blitz",5,0,0,"3-3-PIT 23 (7:02) 41-Matthew Goebel ran to PIT 27 for 5 yards. Tackle by 54-Ralph Brock.","#3 Brian White - QB","#41 Matthew Goebel - RB",,,"#38 John King - FB","#80 Fred Hampton - TE",,"#18 Frederick Sharp - WR",,"#19 Agustin Fiecke - WR",,,"#48 James Kimbell - LT","#35 James Roberge - RT","#73 Paul Westley - C","#50 David Ethier - RG","#85 Hollis Cross - TE",,"#62 Eugene Wortham - LDE",,"#96 Juan Rodriguez - DT","#90 William Chan - DT","#72 Jacob Hills - RDE","#50 Ralph Brock - SLB","#94 Adam Garnes - CB",,"#1 Mark Delagarza - RDE","#44 James Mueller - RDE","#29 Jason Chacko - CB",,,,"#34 David Churchill - RDE","#30 James Knapp - CB",,,,,,,,,,,,,,,,,,,,,,,,,,,,,,,,,,,,
PIT,6:23,"PIT 27",2,1,10,"I Formation Normal FL Hook","46 Normal Inside Blitz",18,0,0,"1-10-PIT 27 (6:22) 3-Brian White ran to PIT 45 for 18 yards. Tackle by 34-David Churchill.","#3 Brian White - QB","#40 Nathanael Allen - RB",,,"#38 John King - FB","#80 Fred Hampton - TE",,"#18 Frederick Sharp - WR",,"#19 Agustin Fiecke - WR",,,"#48 James Kimbell - LT","#35 James Roberge - RT","#73 Paul Westley - C","#50 David Ethier - RG","#85 Hollis Cross - TE",,"#62 Eugene Wortham - LDE",,"#96 Juan Rodriguez - DT","#90 William Chan - DT","#72 Jacob Hills - RDE","#50 Ralph Brock - SLB","#94 Adam Garnes - CB",,"#1 Mark Delagarza - RDE","#44 James Mueller - RDE","#29 Jason Chacko - CB",,,,"#34 David Churchill - RDE","#30 James Knapp - CB",,,,,,,,,,,,,,,,,,,,,,,,,,,,,,,,,,,,
PIT,5:40,"PIT 45",2,1,10,"I Formation 3WR HB Toss Strong","Nickel 3-3-5 Cover 2 Man Under",-0,0,0,"1-10-PIT 45 (5:39) 41-Matthew Goebel ran to PIT 45 for a short loss. Tackle by 62-Eugene Wortham.","#3 Brian White - QB","#41 Matthew Goebel - RB",,,"#38 John King - FB",,,"#19 Agustin Fiecke - WR","#13 Jorge Brown - WR","#10 Patrick Howard - WR",,,"#48 James Kimbell - LT","#35 James Roberge - RT","#73 Paul Westley - C","#50 David Ethier - RG","#85 Hollis Cross - TE",,"#62 Eugene Wortham - LDE",,"#96 Juan Rodriguez - DT",,"#72 Jacob Hills - RDE","#50 Ralph Brock - SLB","#94 Adam Garnes - CB",,"#1 Mark Delagarza - RDE","#29 Jason Chacko - CB","#41 Nicholas Reed - CB",,"#27 Joshua Lemmon - CB",,"#44 James Mueller - RDE","#31 William Graham - LDE",,,,,,,,,,,,,,,,,,,,,,,,,,,,,,,,,,,,
PIT,5:00,"PIT 45",2,2,10,"I Formation 3WR WR Out","Nickel Normal Man Cover 2",6,0,0,"2-10-PIT 45 (4:59) 3-Brian White pass complete to 19-Agustin Fiecke to BLT 49 for 6 yards. Tackle by 41-Nicholas Reed. 41-Nicholas Reed got away with a hold on that play.","#3 Brian White - QB","#41 Matthew Goebel - RB",,,"#38 John King - FB",,,"#18 Frederick Sharp - WR","#10 Patrick Howard - WR","#19 Agustin Fiecke - WR",,,"#48 James Kimbell - LT","#73 Paul Westley - C","#85 Hollis Cross - TE","#50 David Ethier - RG","#35 James Roberge - RT",,"#62 Eugene Wortham - LDE",,"#96 Juan Rodriguez - DT","#90 William Chan - DT","#72 Jacob Hills - RDE",,"#94 Adam Garnes - CB",,"#1 Mark Delagarza - RDE","#29 Jason Chacko - CB","#41 Nicholas Reed - CB",,"#27 Joshua Lemmon - CB",,"#34 David Churchill - RDE","#30 James Knapp - CB",,,,,,,,,,,,,,,,,,,,,,,,,,,,,,,,,,,,
PIT,4:17,"BLT 49",2,3,4,"Shotgun Normal HB Flare","Nickel Normal 2 Deep",16,0,0,"3-4-BLT 49 (4:16) 3-Brian White pass complete to 13-Jorge Brown to BLT 33 for 16 yards. Tackle by 31-William Graham.","#3 Brian White - QB","#41 Matthew Goebel - RB",,,,"#80 Fred Hampton - TE",,"#18 Frederick Sharp - WR","#13 Jorge Brown - WR","#10 Patrick Howard - WR",,,"#85 Hollis Cross - TE","#50 David Ethier - RG","#48 James Kimbell - LT","#73 Paul Westley - C","#35 James Roberge - RT",,"#62 Eugene Wortham - LDE",,"#96 Juan Rodriguez - DT","#90 William Chan - DT","#72 Jacob Hills - RDE",,"#94 Adam Garnes - CB",,"#1 Mark Delagarza - RDE","#44 James Mueller - RDE","#29 Jason Chacko - CB",,"#41 Nicholas Reed - CB",,"#30 James Knapp - CB","#31 William Graham - LDE",,,,,,,,,,,,,,,,,,,,,,,,,,,,,,,,,,,,
PIT,3:35,"BLT 33",2,1,10,"Goal Line Normal HB Toss Strong","Goal Line 3 Deep Man",5,0,0,"1-10-BLT 33 (3:34) 40-Nathanael Allen ran to BLT 28 for 5 yards. Tackle by 95-John Gonzalez.","#3 Brian White - QB","#40 Nathanael Allen - RB",,"#27 Larry Martinez - RB","#38 John King - FB","#85 Hollis Cross - TE","#80 Fred Hampton - TE",,,,,,"#48 James Kimbell - LT","#35 James Roberge - RT","#73 Paul Westley - C","#89 Israel Wick - RB","#50 David Ethier - RG",,"#62 Eugene Wortham - LDE","#64 Tony Fisher - DT","#96 Juan Rodriguez - DT","#90 William Chan - DT","#72 Jacob Hills - RDE","#50 Ralph Brock - SLB","#94 Adam Garnes - CB",,"#95 John Gonzalez - CB","#44 James Mueller - RDE","#29 Jason Chacko - CB",,,,"#34 David Churchill - RDE",,,,,,,,,,,,,,,,,,,,,,,,,,,,,,,,,,,,,
PIT,2:57,"BLT 28",2,2,5,"Shotgun Normal HB Delay","Nickel Normal Double WR2",1,0,0,"2-5-BLT 28 (2:56) 41-Matthew Goebel ran to BLT 27 for 1 yards. Tackle by 26-Michael Webster.","#3 Brian White - QB","#41 Matthew Goebel - RB",,,,"#85 Hollis Cross - TE",,"#18 Frederick Sharp - WR","#10 Patrick Howard - WR","#19 Agustin Fiecke - WR",,,"#48 James Kimbell - LT","#38 John King - FB","#73 Paul Westley - C","#50 David Ethier - RG","#35 James Roberge - RT",,"#62 Eugene Wortham - LDE",,"#96 Juan Rodriguez - DT","#90 William Chan - DT","#72 Jacob Hills - RDE",,"#94 Adam Garnes - CB",,"#1 Mark Delagarza - RDE","#41 Nicholas Reed - CB","#27 Joshua Lemmon - CB",,"#26 Michael Webster - CB",,"#30 James Knapp - CB","#44 James Mueller - RDE",,,,,,,,,,,,,,,,,,,,,,,,,,,,,,,,,,,,
PIT,2:23,"BLT 27",2,3,4,"I Formation Normal PA Streaks","4-3 Under 2 Deep Flat Outside",-8,0,0,"3-4-BLT 27 (2:22) 3-Brian White sacked at BLT 35 for -8 yards (62-Eugene Wortham). Sack allowed by 35-James Roberge. BLT 91-Juan Rodriguez was injured on the play. He looks like he should be able to return.","#3 Brian White - QB","#41 Matthew Goebel - RB",,,"#38 John King - FB","#85 Hollis Cross - TE",,"#18 Frederick Sharp - WR",,"#19 Agustin Fiecke - WR",,,"#48 James Kimbell - LT","#73 Paul Westley - C","#40 Nathanael Allen - RB","#50 David Ethier - RG","#35 James Roberge - RT",,"#62 Eugene Wortham - LDE",,"#96 Juan Rodriguez - DT","#90 William Chan - DT","#72 Jacob Hills - RDE","#50 Ralph Brock - SLB","#94 Adam Garnes - CB",,"#1 Mark Delagarza - RDE","#44 James Mueller - RDE","#29 Jason Chacko - CB",,,,"#30 James Knapp - CB","#34 David Churchill - RDE",,,,,,,,,,,,,,,,,,,,,,,,,,,,,,,,,,,,
,2:00,,2,4,12,,,,0,0,"Timeout for two minute warning.",,,,,,,,,,,,,,,,,,,,,,,,,,,,,,,,,,,,,,,,,,,,,,,,,,,,,,,,,,,,,,,,,,,,,,
PIT,2:00,"BLT 35",2,4,12,"Field Goal","FG Block",45,3,0,"4-12-BLT 35 (2:00) 5-Gary Ridgeway 52 yard field goal is GOOD. PIT 57-Andrew Harris was injured on the play. He looks like he should be able to return. BLT 54-Ralph Brock was injured on the play. He looks like he should be able to return. PIT 3 BLT 0",,,,,,,,,,,,,,,,,,,,,,,,,,,,,,,,,,,,"#2 Robert Spence - P","#73 Paul Westley - C",,,,,,,,,,,,,,"#5 Gary Ridgeway - K","#59 Quentin Blandon - SLB","#55 Lee Kelley - RDE","#57 Andrew Harris - LDE","#48 James Kimbell - LT","#35 James Roberge - RT","#50 David Ethier - RG","#56 Edward Goggans - WLB","#98 Dwayne Marquez - DT","#62 Eugene Wortham - LDE","#1 Christopher Payton - CB","#90 William Chan - DT","#72 Jacob Hills - RDE","#31 William Graham - LDE","#1 Mark Delagarza - RDE","#97 Peter Carson - RDE","#50 Ralph Brock - SLB","#64 Tony Fisher - DT","#60 James Speegle - LG","#59 Robert Bernier - MLB"
PIT,1:56,"PIT 35",2,6,10,Kickoff,"Kick Return",,3,0,"(1:57) 5-Gary Ridgeway kicks 74 yards from PIT 35 to BLT -9. Touchback.",,,,,,,,,,,,,,,,,,,,,,,,,,,,,,,,,,,,,,"#47 Albert Convery - RB",,"#31 William Graham - LDE","#27 Joshua Lemmon - CB","#1 Christopher Payton - CB","#72 Jacob Hills - RDE","#30 James Knapp - CB","#26 Michael Webster - CB","#44 James Mueller - RDE","#35 Paul Garcia - SS","#41 Nicholas Reed - CB","#34 David Churchill - RDE","#5 Gary Ridgeway - K",,,,,,,,,,,,,,,,,,,,
BLT,1:56,"BLT 25",2,1,10,"Strong I Normal HB Dive Strong","4-3 Normal Double WR3",,3,0,"1-10-BLT 25 (1:57) 35-Albert Convery ran to BLT 25 for a short gain. Tackle by 98-Dwayne Marquez.","#19 Sean Ogden - QB","#47 Albert Convery - RB",,,"#48 Glenn White - FB","#82 Gerald Parsons - RB",,"#4 Douglas Jordan - WR",,"#16 John Gardea - WR",,,"#78 Richard Crisp - C","#56 Justin Bruns - LG","#73 Bobby Quick - C","#55 Charles Palmer - RG","#65 Daniel Royse - RT",,"#21 Edward Linch - LDE",,"#75 Leon Leonard - DT","#98 Dwayne Marquez - DT","#55 Lee Kelley - RDE","#59 Quentin Blandon - SLB","#51 Joshua Gil - MLB",,"#91 Jeremiah Gayle - WLB","#33 Donald Brand - CB","#39 Michael Simmons - CB",,,,"#34 Wesley Parr - SS","#30 Louis Moran - FS",,,,,,,,,,,,,,,,,,,,,,,,,,,,,,,,,,,,
BLT,1:13,"BLT 25",2,2,10,"Goal Line Normal HB Pitch Weak","Goal Line Attack #3",3,3,0,"2-10-BLT 25 (1:12) 35-Albert Convery ran to BLT 29 for 3 yards. Tackle by 39-Michael Simmons.","#19 Sean Ogden - QB","#47 Albert Convery - RB",,"#22 Wm Jones - C","#48 Glenn White - FB","#82 Gerald Parsons - RB","#89 Mark Broughton - C",,,,,,"#78 Richard Crisp - C","#56 Justin Bruns - LG","#73 Bobby Quick - C","#55 Charles Palmer - RG","#65 Daniel Royse - RT",,"#21 Edward Linch - LDE","#98 Dwayne Marquez - DT","#75 Leon Leonard - DT","#92 Murray Parsons - MLB","#55 Lee Kelley - RDE","#59 Quentin Blandon - SLB","#51 Joshua Gil - MLB",,"#91 Jeremiah Gayle - WLB","#33 Donald Brand - CB","#39 Michael Simmons - CB",,,,"#34 Wesley Parr - SS",,,,,,,,,,,,,,,,,,,,,,,,,,,,,,,,,,,,,
BLT,0:33,"BLT 29",2,3,6,"Shotgun Normal HB Delay","Nickel Normal Man Zone",-1,3,0,"3-6-BLT 29 (0:32) 35-Albert Convery ran to BLT 28 for -1 yards. Tackle by 55-Lee Kelley.","#19 Sean Ogden - QB","#47 Albert Convery - RB",,,,"#82 Gerald Parsons - RB",,"#4 Douglas Jordan - WR","#86 Boyd Williams - WR","#16 John Gardea - WR",,,"#78 Richard Crisp - C","#56 Justin Bruns - LG","#73 Bobby Quick - C","#55 Charles Palmer - RG","#65 Daniel Royse - RT",,"#21 Edward Linch - LDE",,"#75 Leon Leonard - DT","#98 Dwayne Marquez - DT","#55 Lee Kelley - RDE",,"#51 Joshua Gil - MLB",,"#91 Jeremiah Gayle - WLB","#33 Donald Brand - CB","#39 Michael Simmons - CB",,"#31 Lee Waldrop - CB",,"#34 Wesley Parr - SS","#30 Louis Moran - FS",,,,,,,,,,,,,,,,,,,,,,,,,,,,,,,,,,,,
,0:00,,2,4,7,,,,3,0,"End of half.",,,,,,,,,,,,,,,,,,,,,,,,,,,,,,,,,,,,,,,,,,,,,,,,,,,,,,,,,,,,,,,,,,,,,,
PIT,15:00,"PIT 35",3,6,10,Kickoff,"Kick Return",,3,0,"(15:00) 5-Gary Ridgeway kicks 75 yards from PIT 35 to BLT -10. Touchback.",,,,,,,,,,,,,,,,,,,,,,,,,,,,,,,,,,,,,,"#47 Albert Convery - RB",,"#31 William Graham - LDE","#27 Joshua Lemmon - CB","#1 Christopher Payton - CB","#72 Jacob Hills - RDE","#30 James Knapp - CB","#26 Michael Webster - CB","#44 James Mueller - RDE","#35 Paul Garcia - SS","#41 Nicholas Reed - CB","#34 David Churchill - RDE","#5 Gary Ridgeway - K",,,,,,,,,,,,,,,,,,,,
BLT,15:00,"BLT 25",3,1,10,"I Formation Power HB Draw","Goal Line Attack #2",-1,3,0,"1-10-BLT 25 (15:00) 35-Albert Convery ran to BLT 24 for -1 yards. Tackle by 51-Joshua Gil.","#19 Sean Ogden - QB","#47 Albert Convery - RB",,"#22 Wm Jones - C","#48 Glenn White - FB","#82 Gerald Parsons - RB",,"#4 Douglas Jordan - WR",,,,,"#78 Richard Crisp - C","#56 Justin Bruns - LG","#73 Bobby Quick - C","#55 Charles Palmer - RG","#65 Daniel Royse - RT",,"#57 Andrew Harris - LDE","#21 Edward Linch - LDE","#75 Leon Leonard - DT","#98 Dwayne Marquez - DT","#55 Lee Kelley - RDE","#59 Quentin Blandon - SLB","#51 Joshua Gil - MLB",,"#91 Jeremiah Gayle - WLB","#33 Donald Brand - CB","#39 Michael Simmons - CB",,,,"#34 Wesley Parr - SS",,,,,,,,,,,,,,,,,,,,,,,,,,,,,,,,,,,,,
BLT,14:25,"BLT 24",3,2,11,"Singleback Empty 4 Slot Crosses","Dime Flat MLB SS Blitz",14,3,0,"2-11-BLT 24 (14:24) 19-Sean Ogden pass complete to 18-Michael Head to BLT 39 for 14 yards. Tackle by 57-Andrew Harris. 18-Michael Head did some fancy footwork there. BLT 78-Richard Crisp was injured on the play. He looks like he should be able to return.","#19 Sean Ogden - QB",,,,,"#82 Gerald Parsons - RB",,"#4 Douglas Jordan - WR","#86 Boyd Williams - WR","#16 John Gardea - WR","#18 Michael Head - WR",,"#78 Richard Crisp - C","#56 Justin Bruns - LG","#73 Bobby Quick - C","#55 Charles Palmer - RG","#65 Daniel Royse - RT",,"#57 Andrew Harris - LDE",,"#75 Leon Leonard - DT","#98 Dwayne Marquez - DT","#55 Lee Kelley - RDE",,"#51 Joshua Gil - MLB",,,"#33 Donald Brand - CB","#39 Michael Simmons - CB","#23 Genaro Evans - CB","#31 Lee Waldrop - CB",,"#34 Wesley Parr - SS","#30 Louis Moran - FS",,,,,,,,,,,,,,,,,,,,,,,,,,,,,,,,,,,,
BLT,13:50,"BLT 39",3,1,10,"I Formation Normal PA Fullback Flat","4-3 Normal Double WR3",3,3,0,"1-10-BLT 39 (13:49) 19-Sean Ogden pass complete to 48-Glenn White to BLT 41 for 3 yards. Tackle by 33-Donald Brand. Nice job by 48-Glenn White on that route to lose his coverage.","#19 Sean Ogden - QB","#47 Albert Convery - RB",,,"#48 Glenn White - FB","#82 Gerald Parsons - RB",,"#4 Douglas Jordan - WR",,"#16 John Gardea - WR",,,"#58 Porfirio Masters - LT","#56 Justin Bruns - LG","#73 Bobby Quick - C","#55 Charles Palmer - RG","#65 Daniel Royse - RT",,"#57 Andrew Harris - LDE",,"#75 Leon Leonard - DT","#98 Dwayne Marquez - DT","#55 Lee Kelley - RDE","#59 Quentin Blandon - SLB","#51 Joshua Gil - MLB",,"#91 Jeremiah Gayle - WLB","#33 Donald Brand - CB","#39 Michael Simmons - CB",,,,"#34 Wesley Parr - SS","#30 Louis Moran - FS",,,,,,,,,,,,,,,,,,,,,,,,,,,,,,,,,,,,
BLT,13:11,"BLT 41",3,2,7,"Shotgun Normal Double Outs","Nickel Normal Double WR3",,3,0,"2-7-BLT 41 (13:10) 19-Sean Ogden pass complete to 4-Douglas Jordan to BLT 41 for a short gain. Tackle by 33-Donald Brand.","#19 Sean Ogden - QB","#47 Albert Convery - RB",,,,"#82 Gerald Parsons - RB",,"#4 Douglas Jordan - WR","#86 Boyd Williams - WR","#16 John Gardea - WR",,,"#58 Porfirio Masters - LT","#56 Justin Bruns - LG","#73 Bobby Quick - C","#55 Charles Palmer - RG","#65 Daniel Royse - RT",,"#57 Andrew Harris - LDE",,"#75 Leon Leonard - DT","#98 Dwayne Marquez - DT","#55 Lee Kelley - RDE",,"#51 Joshua Gil - MLB",,"#91 Jeremiah Gayle - WLB","#33 Donald Brand - CB","#39 Michael Simmons - CB",,"#31 Lee Waldrop - CB",,"#34 Wesley Parr - SS","#30 Louis Moran - FS",,,,,,,,,,,,,,,,,,,,,,,,,,,,,,,,,,,,
BLT,12:28,"BLT 41",3,3,7,"Goal Line Normal HB Off Tackle","Goal Line Attack #2",4,3,0,"3-7-BLT 41 (12:27) 22-Wm Jones ran to BLT 45 for 4 yards. Tackle by 91-Jeremiah Gayle.","#19 Sean Ogden - QB","#22 Wm Jones - C",,"#40 Douglas Roberts - RB","#48 Glenn White - FB","#82 Gerald Parsons - RB","#89 Mark Broughton - C",,,,,,"#58 Porfirio Masters - LT","#56 Justin Bruns - LG","#73 Bobby Quick - C","#55 Charles Palmer - RG","#65 Daniel Royse - RT",,"#57 Andrew Harris - LDE","#21 Edward Linch - LDE","#75 Leon Leonard - DT","#98 Dwayne Marquez - DT","#55 Lee Kelley - RDE","#59 Quentin Blandon - SLB","#51 Joshua Gil - MLB",,"#91 Jeremiah Gayle - WLB","#33 Donald Brand - CB","#39 Michael Simmons - CB",,,,"#34 Wesley Parr - SS",,,,,,,,,,,,,,,,,,,,,,,,,,,,,,,,,,,,,
BLT,11:51,"BLT 45",3,4,3,Punt,"Punt Return",38,3,0,"4-3-BLT 45 (11:50) 6-George Gonzalez punts 38 yards to PIT 16.",,,,,,,,,,,,,,,,,,"#6 George Gonzalez - P",,,,,,,,,,,,,,,,,,,"#73 Bobby Quick - C",,"#18 Frederick Sharp - WR",,,"#91 Jeremiah Gayle - WLB","#59 Quentin Blandon - SLB","#51 Joshua Gil - MLB",,"#30 Louis Moran - FS","#1 Ray Clow - SLB",,"#29 Leon Wyatt - WLB",,,,"#57 Jonathan Proctor - RT","#56 Justin Bruns - LG","#58 Porfirio Masters - LT","#53 Robert Roof - RT","#60 James Speegle - LG","#68 Eric Cartman - LG",,"#92 Murray Parsons - MLB","#55 Lee Kelley - RDE","#58 Joshua Davis - SLB","#75 Leon Leonard - DT",,,,,,,
PIT,11:40,"PIT 16",3,1,10,"Shotgun 2 RB 3 WR RB Curls","Nickel 3-3-5 Cover 2 Man Under",,3,0,"1-10-PIT 16 (11:41) 3-Brian White pass Pass knocked down by 54-Ralph Brock. incomplete, intended for 41-Matthew Goebel.","#3 Brian White - QB","#41 Matthew Goebel - RB","#40 Nathanael Allen - RB",,,,,"#18 Frederick Sharp - WR","#10 Patrick Howard - WR","#19 Agustin Fiecke - WR",,,"#85 Hollis Cross - TE","#35 James Roberge - RT","#73 Paul Westley - C","#50 David Ethier - RG","#48 James Kimbell - LT",,"#62 Eugene Wortham - LDE",,"#96 Juan Rodriguez - DT",,"#72 Jacob Hills - RDE","#50 Ralph Brock - SLB","#94 Adam Garnes - CB",,"#1 Mark Delagarza - RDE","#29 Jason Chacko - CB","#41 Nicholas Reed - CB",,"#27 Joshua Lemmon - CB",,"#31 William Graham - LDE","#34 David Churchill - RDE",,,,,,,,,,,,,,,,,,,,,,,,,,,,,,,,,,,,
PIT,11:36,"PIT 16",3,2,10,"Goal Line Normal HB Toss Strong","Goal Line 3 Deep Man",12,3,0,"2-10-PIT 16 (11:37) 41-Matthew Goebel ran to PIT 28 for 12 yards. Tackle by 42-Jason Chacko. BLT 42-Jason Chacko was injured on the play. He looks like he should be able to return.","#3 Brian White - QB","#41 Matthew Goebel - RB",,"#40 Nathanael Allen - RB","#38 John King - FB","#80 Fred Hampton - TE","#85 Hollis Cross - TE",,,,,,"#48 James Kimbell - LT","#89 Israel Wick - RB","#73 Paul Westley - C","#50 David Ethier - RG","#35 James Roberge - RT",,"#62 Eugene Wortham - LDE","#64 Tony Fisher - DT","#96 Juan Rodriguez - DT","#90 William Chan - DT","#72 Jacob Hills - RDE","#50 Ralph Brock - SLB","#94 Adam Garnes - CB",,"#1 Mark Delagarza - RDE","#29 Jason Chacko - CB","#41 Nicholas Reed - CB",,,,"#34 David Churchill - RDE",,,,,,,,,,,,,,,,,,,,,,,,,,,,,,,,,,,,,
PIT,10:51,"PIT 28",3,1,10,"Strong I Normal HB Off Tackle Strong","46 Normal Strong Blitz",-0,3,0,"1-10-PIT 28 (10:50) 40-Nathanael Allen ran to PIT 27 for a short loss. Tackle by 30-James Knapp.","#3 Brian White - QB","#40 Nathanael Allen - RB",,,"#38 John King - FB","#80 Fred Hampton - TE",,"#18 Frederick Sharp - WR",,"#19 Agustin Fiecke - WR",,,"#48 James Kimbell - LT","#50 David Ethier - RG","#73 Paul Westley - C","#85 Hollis Cross - TE","#35 James Roberge - RT",,"#62 Eugene Wortham - LDE",,"#96 Juan Rodriguez - DT","#90 William Chan - DT","#72 Jacob Hills - RDE","#50 Ralph Brock - SLB","#94 Adam Garnes - CB",,"#1 Mark Delagarza - RDE","#44 James Mueller - RDE","#41 Nicholas Reed - CB",,,,"#30 James Knapp - CB","#34 David Churchill - RDE",,,,,,,,,,,,,,,,,,,,,,,,,,,,,,,,,,,,
PIT,10:12,"PIT 27",3,2,10,"Shotgun 2 RB 3 WR WR Hooks","Nickel Normal 2 Deep",4,3,0,"2-10-PIT 27 (10:11) 3-Brian White pass complete to 40-Nathanael Allen to PIT 31 for 4 yards. Tackle by 93-Mark Delagarza.","#3 Brian White - QB","#41 Matthew Goebel - RB","#40 Nathanael Allen - RB",,,,,"#18 Frederick Sharp - WR","#10 Patrick Howard - WR","#19 Agustin Fiecke - WR",,,"#85 Hollis Cross - TE","#35 James Roberge - RT","#73 Paul Westley - C","#50 David Ethier - RG","#48 James Kimbell - LT",,"#62 Eugene Wortham - LDE",,"#96 Juan Rodriguez - DT","#90 William Chan - DT","#72 Jacob Hills - RDE",,"#94 Adam Garnes - CB",,"#1 Mark Delagarza - RDE","#44 James Mueller - RDE","#41 Nicholas Reed - CB",,"#27 Joshua Lemmon - CB",,"#30 James Knapp - CB","#34 David Churchill - RDE",,,,,,,,,,,,,,,,,,,,,,,,,,,,,,,,,,,,
PIT,9:29,"PIT 31",3,3,6,"Shotgun 2 RB 3 WR Strong Deep","Nickel Normal SS Blitz",5,3,0,"3-6-PIT 31 (9:28) 3-Brian White pass complete to 18-Frederick Sharp to PIT 36 for 5 yards. Tackle by 44-James Mueller. Pressure by 72-Jacob Hills.","#3 Brian White - QB","#41 Matthew Goebel - RB","#40 Nathanael Allen - RB",,,,,"#18 Frederick Sharp - WR","#10 Patrick Howard - WR","#19 Agustin Fiecke - WR",,,"#85 Hollis Cross - TE","#35 James Roberge - RT","#73 Paul Westley - C","#50 David Ethier - RG","#48 James Kimbell - LT",,"#62 Eugene Wortham - LDE",,"#96 Juan Rodriguez - DT","#90 William Chan - DT","#72 Jacob Hills - RDE",,"#94 Adam Garnes - CB",,"#1 Mark Delagarza - RDE","#44 James Mueller - RDE","#41 Nicholas Reed - CB",,"#27 Joshua Lemmon - CB",,"#34 David Churchill - RDE","#30 James Knapp - CB",,,,,,,,,,,,,,,,,,,,,,,,,,,,,,,,,,,,
PIT,8:47,"PIT 36",3,4,2,Punt,"Punt Return",56,3,0,"4-2-PIT 36 (8:46) 2-Robert Spence punts 56 yards to BLT 8.",,,,,,,,,,,,,,,,,,"#2 Robert Spence - P",,,,,,,,,,,,,,,,,,,"#73 Paul Westley - C",,"#4 Douglas Jordan - WR",,,"#34 David Churchill - RDE","#41 Nicholas Reed - CB","#35 Paul Garcia - SS",,"#72 Jacob Hills - RDE","#27 Joshua Lemmon - CB",,"#26 Michael Webster - CB",,,,"#56 Edward Goggans - WLB","#57 Andrew Harris - LDE","#48 James Kimbell - LT","#35 James Roberge - RT","#50 David Ethier - RG","#98 Dwayne Marquez - DT",,"#96 Juan Rodriguez - DT","#1 Christopher Payton - CB","#90 William Chan - DT","#62 Eugene Wortham - LDE",,,,,,,
BLT,8:35,"BLT 8",3,1,10,"I Formation Normal HB Dive","4-3 Normal Double WR3",,3,0,"1-10-BLT 8 (8:36) 35-Albert Convery ran to BLT 8 for a short gain. Tackle by 29-Leon Wyatt.","#19 Sean Ogden - QB","#47 Albert Convery - RB",,,"#48 Glenn White - FB","#82 Gerald Parsons - RB",,"#4 Douglas Jordan - WR",,"#16 John Gardea - WR",,,"#58 Porfirio Masters - LT","#56 Justin Bruns - LG","#73 Bobby Quick - C","#55 Charles Palmer - RG","#65 Daniel Royse - RT",,"#21 Edward Linch - LDE",,"#75 Leon Leonard - DT","#55 Lee Kelley - RDE","#57 Andrew Harris - LDE","#59 Quentin Blandon - SLB","#92 Murray Parsons - MLB",,"#29 Leon Wyatt - WLB","#33 Donald Brand - CB","#39 Michael Simmons - CB",,,,"#34 Wesley Parr - SS","#30 Louis Moran - FS",,,,,,,,,,,,,,,,,,,,,,,,,,,,,,,,,,,,
BLT,7:56,"BLT 8",3,2,10,"I Formation Power HB Draw","Goal Line Attack #2",-0,3,0,"2-10-BLT 8 (7:55) 35-Albert Convery ran to BLT 8 for a short loss. Tackle by 75-Leon Leonard.","#19 Sean Ogden - QB","#47 Albert Convery - RB",,"#22 Wm Jones - C","#48 Glenn White - FB","#82 Gerald Parsons - RB",,"#4 Douglas Jordan - WR",,,,,"#58 Porfirio Masters - LT","#56 Justin Bruns - LG","#73 Bobby Quick - C","#55 Charles Palmer - RG","#65 Daniel Royse - RT",,"#21 Edward Linch - LDE","#98 Dwayne Marquez - DT","#75 Leon Leonard - DT","#55 Lee Kelley - RDE","#57 Andrew Harris - LDE","#59 Quentin Blandon - SLB","#92 Murray Parsons - MLB",,"#29 Leon Wyatt - WLB","#33 Donald Brand - CB","#39 Michael Simmons - CB",,,,"#34 Wesley Parr - SS",,,,,,,,,,,,,,,,,,,,,,,,,,,,,,,,,,,,,
BLT,7:13,"BLT 8",3,3,10,"I Formation 3WR SE Post","Nickel Normal Man Zone",13,3,0,"3-10-BLT 8 (7:12) 19-Sean Ogden pass complete to 16-John Gardea to BLT 21 for 13 yards. Tackle by 39-Michael Simmons.","#19 Sean Ogden - QB","#47 Albert Convery - RB",,,"#48 Glenn White - FB",,,"#4 Douglas Jordan - WR","#86 Boyd Williams - WR","#16 John Gardea - WR",,,"#58 Porfirio Masters - LT","#56 Justin Bruns - LG","#73 Bobby Quick - C","#55 Charles Palmer - RG","#65 Daniel Royse - RT",,"#57 Andrew Harris - LDE",,"#75 Leon Leonard - DT","#21 Edward Linch - LDE","#55 Lee Kelley - RDE",,"#51 Joshua Gil - MLB",,"#91 Jeremiah Gayle - WLB","#33 Donald Brand - CB","#39 Michael Simmons - CB",,"#31 Lee Waldrop - CB",,"#34 Wesley Parr - SS","#30 Louis Moran - FS",,,,,,,,,,,,,,,,,,,,,,,,,,,,,,,,,,,,
BLT,6:40,"BLT 21",3,1,10,"Goal Line Normal HB Weak","Goal Line Attack #2",-1,3,0,"1-10-BLT 21 (6:39) 22-Wm Jones ran to BLT 20 for -1 yards. Tackle by 51-Joshua Gil.","#19 Sean Ogden - QB","#22 Wm Jones - C",,"#40 Douglas Roberts - RB","#48 Glenn White - FB","#82 Gerald Parsons - RB","#89 Mark Broughton - C",,,,,,"#58 Porfirio Masters - LT","#56 Justin Bruns - LG","#73 Bobby Quick - C","#55 Charles Palmer - RG","#65 Daniel Royse - RT",,"#57 Andrew Harris - LDE","#21 Edward Linch - LDE","#75 Leon Leonard - DT","#98 Dwayne Marquez - DT","#55 Lee Kelley - RDE","#59 Quentin Blandon - SLB","#51 Joshua Gil - MLB",,"#91 Jeremiah Gayle - WLB","#33 Donald Brand - CB","#39 Michael Simmons - CB",,,,"#34 Wesley Parr - SS",,,,,,,,,,,,,,,,,,,,,,,,,,,,,,,,,,,,,
BLT,5:56,"BLT 20",3,2,11,"Goal Line Normal HB Off Tackle","Goal Line Attack #2",69,3,0,"2-11-BLT 20 (5:55) 35-Albert Convery ran to PIT 11 for 69 yards. Tackle by 34-Wesley Parr. If the defense doesn't start mixing up their plays a bit more we might see more big gains like that one. BLT 22-Wm Jones was injured on the play. He looks like he should be able to return.","#19 Sean Ogden - QB","#47 Albert Convery - RB",,"#22 Wm Jones - C","#48 Glenn White - FB","#82 Gerald Parsons - RB","#89 Mark Broughton - C",,,,,,"#58 Porfirio Masters - LT","#56 Justin Bruns - LG","#73 Bobby Quick - C","#55 Charles Palmer - RG","#65 Daniel Royse - RT",,"#57 Andrew Harris - LDE","#21 Edward Linch - LDE","#75 Leon Leonard - DT","#98 Dwayne Marquez - DT","#55 Lee Kelley - RDE","#59 Quentin Blandon - SLB","#92 Murray Parsons - MLB",,"#91 Jeremiah Gayle - WLB","#33 Donald Brand - CB","#39 Michael Simmons - CB",,,,"#34 Wesley Parr - SS",,,,,,,,,,,,,,,,,,,,,,,,,,,,,,,,,,,,,
BLT,4:59,"PIT 11",3,1,10,"Goal Line Normal HB Dive","Goal Line Attack #3",,3,0,"1-10-PIT 11 (4:58) 48-Glenn White ran to PIT 11 for a short gain. Tackle by 57-Andrew Harris.","#19 Sean Ogden - QB","#48 Glenn White - FB",,"#47 Albert Convery - RB","#40 Douglas Roberts - RB","#82 Gerald Parsons - RB","#89 Mark Broughton - C",,,,,,"#58 Porfirio Masters - LT","#56 Justin Bruns - LG","#73 Bobby Quick - C","#55 Charles Palmer - RG","#65 Daniel Royse - RT",,"#57 Andrew Harris - LDE","#21 Edward Linch - LDE","#75 Leon Leonard - DT","#98 Dwayne Marquez - DT","#55 Lee Kelley - RDE","#59 Quentin Blandon - SLB","#51 Joshua Gil - MLB",,"#91 Jeremiah Gayle - WLB","#33 Donald Brand - CB","#39 Michael Simmons - CB",,,,"#42 Pablo Glass - SS",,,,,,,,,,,,,,,,,,,,,,,,,,,,,,,,,,,,,
BLT,4:25,"PIT 11",3,2,10,"Goal Line Normal HB Outside Strong","Goal Line Attack #2",-2,3,0,"2-10-PIT 11 (4:24) 48-Glenn White ran to PIT 13 for -2 yards. Tackle by 51-Joshua Gil.","#19 Sean Ogden - QB","#48 Glenn White - FB",,"#47 Albert Convery - RB","#40 Douglas Roberts - RB","#82 Gerald Parsons - RB","#89 Mark Broughton - C",,,,,,"#58 Porfirio Masters - LT","#56 Justin Bruns - LG","#73 Bobby Quick - C","#55 Charles Palmer - RG","#65 Daniel Royse - RT",,"#57 Andrew Harris - LDE","#21 Edward Linch - LDE","#75 Leon Leonard - DT","#98 Dwayne Marquez - DT","#55 Lee Kelley - RDE","#59 Quentin Blandon - SLB","#51 Joshua Gil - MLB",,"#91 Jeremiah Gayle - WLB","#33 Donald Brand - CB","#39 Michael Simmons - CB",,,,"#42 Pablo Glass - SS",,,,,,,,,,,,,,,,,,,,,,,,,,,,,,,,,,,,,
BLT,3:49,"PIT 13",3,3,12,"Goal Line Normal HB Off Tackle","Goal Line Attack #2",-1,3,0,"3-12-PIT 13 (3:48) 48-Glenn White ran to PIT 14 for -1 yards. Tackle by 51-Joshua Gil. BLT 78-Richard Crisp was injured on the play. He looks like he should be able to return.","#19 Sean Ogden - QB","#48 Glenn White - FB",,"#47 Albert Convery - RB","#40 Douglas Roberts - RB","#82 Gerald Parsons - RB","#89 Mark Broughton - C",,,,,,"#78 Richard Crisp - C","#56 Justin Bruns - LG","#73 Bobby Quick - C","#55 Charles Palmer - RG","#65 Daniel Royse - RT",,"#57 Andrew Harris - LDE","#98 Dwayne Marquez - DT","#75 Leon Leonard - DT","#21 Edward Linch - LDE","#55 Lee Kelley - RDE","#59 Quentin Blandon - SLB","#51 Joshua Gil - MLB",,"#91 Jeremiah Gayle - WLB","#33 Donald Brand - CB","#39 Michael Simmons - CB",,,,"#42 Pablo Glass - SS",,,,,,,,,,,,,,,,,,,,,,,,,,,,,,,,,,,,,
BLT,3:07,"PIT 14",3,4,13,"Field Goal","FG Block",24,3,3,"4-13-PIT 14 (3:06) 14-Thomas Morneau 32 yard field goal is GOOD. PIT 3 BLT 3",,,,,,,,,,,,,,,,,,,,,,,,,,,,,,,,,,,,"#19 Sean Ogden - QB","#73 Bobby Quick - C",,,,,,,,,,,,,,"#14 Thomas Morneau - K","#1 Christopher Payton - CB","#57 Jonathan Proctor - RT","#56 Justin Bruns - LG","#58 Porfirio Masters - LT","#53 Robert Roof - RT","#60 James Speegle - LG","#68 Eric Cartman - LG","#65 Daniel Royse - RT","#75 Leon Leonard - DT","#55 Lee Kelley - RDE","#91 Jeremiah Gayle - WLB","#58 Joshua Davis - SLB","#48 James Kimbell - LT","#92 Murray Parsons - MLB","#57 Andrew Harris - LDE","#21 Edward Linch - LDE","#1 Ray Clow - SLB","#35 James Roberge - RT","#50 David Ethier - RG"
BLT,3:02,"BLT 35",3,6,10,Kickoff,"Kick Return",,3,3,"(3:03) 14-Thomas Morneau kicks 68 yards from BLT 35 to PIT -3. 27-Larry Martinez to PIT 29 for 32 yards. Tackle by 72-Jacob Hills.",,,,,,,,,,,,,,,,,,,,,,,,,,,,,,,,,,,,,,"#27 Larry Martinez - RB",,"#28 Barry Needham - CB","#29 Leon Wyatt - WLB","#51 Joshua Gil - MLB","#58 Joshua Davis - SLB","#55 Lee Kelley - RDE","#59 Quentin Blandon - SLB","#91 Jeremiah Gayle - WLB","#30 Louis Moran - FS","#23 Genaro Evans - CB","#1 Ray Clow - SLB","#14 Thomas Morneau - K",,,,,,,,,,,,,,,,,,,,
PIT,2:57,"PIT 29",3,1,10,"Strong I Normal HB Off Tackle Strong","4-3 Under 2 Deep Flat Outside",1,3,3,"1-10-PIT 29 (2:58) 41-Matthew Goebel ran to PIT 30 for 1 yards. Tackle by 54-Ralph Brock. BLT 64-Tony Fisher was injured on the play. He looks like he should be able to return.","#3 Brian White - QB","#41 Matthew Goebel - RB",,,"#38 John King - FB","#80 Fred Hampton - TE",,"#18 Frederick Sharp - WR",,"#19 Agustin Fiecke - WR",,,"#48 James Kimbell - LT","#85 Hollis Cross - TE","#73 Paul Westley - C","#50 David Ethier - RG","#35 James Roberge - RT",,"#64 Tony Fisher - DT",,"#96 Juan Rodriguez - DT","#90 William Chan - DT","#62 Eugene Wortham - LDE","#50 Ralph Brock - SLB","#94 Adam Garnes - CB",,"#1 Mark Delagarza - RDE","#29 Jason Chacko - CB","#27 Joshua Lemmon - CB",,,,"#30 James Knapp - CB","#44 James Mueller - RDE",,,,,,,,,,,,,,,,,,,,,,,,,,,,,,,,,,,,
PIT,2:16,"PIT 30",3,2,9,"Shotgun 2 RB 3 WR WR Hooks","Nickel Normal Man Zone",,3,3,"2-9-PIT 30 (2:15) 3-Brian White pass Pass knocked down by 41-Nicholas Reed. incomplete, intended for 19-Agustin Fiecke.","#3 Brian White - QB","#41 Matthew Goebel - RB","#40 Nathanael Allen - RB",,,,,"#18 Frederick Sharp - WR","#10 Patrick Howard - WR","#19 Agustin Fiecke - WR",,,"#50 David Ethier - RG","#35 James Roberge - RT","#73 Paul Westley - C","#85 Hollis Cross - TE","#48 James Kimbell - LT",,"#62 Eugene Wortham - LDE",,"#96 Juan Rodriguez - DT","#90 William Chan - DT","#72 Jacob Hills - RDE",,"#94 Adam Garnes - CB",,"#1 Mark Delagarza - RDE","#44 James Mueller - RDE","#29 Jason Chacko - CB",,"#41 Nicholas Reed - CB",,"#30 James Knapp - CB","#34 David Churchill - RDE",,,,,,,,,,,,,,,,,,,,,,,,,,,,,,,,,,,,
PIT,2:11,"PIT 30",3,3,9,"I Formation 3WR HB Inside Strong","Nickel 3-3-5 Cover 2 Man Under",10,3,3,"3-9-PIT 30 (2:12) 41-Matthew Goebel ran to PIT 40 for 10 yards. Tackle by 44-James Mueller.","#3 Brian White - QB","#41 Matthew Goebel - RB",,,"#38 John King - FB",,,"#18 Frederick Sharp - WR","#10 Patrick Howard - WR","#19 Agustin Fiecke - WR",,,"#48 James Kimbell - LT","#35 James Roberge - RT","#73 Paul Westley - C","#50 David Ethier - RG","#85 Hollis Cross - TE",,"#62 Eugene Wortham - LDE",,"#96 Juan Rodriguez - DT",,"#72 Jacob Hills - RDE","#50 Ralph Brock - SLB","#94 Adam Garnes - CB",,"#1 Mark Delagarza - RDE","#44 James Mueller - RDE","#29 Jason Chacko - CB",,"#41 Nicholas Reed - CB",,"#34 David Churchill - RDE","#30 James Knapp - CB",,,,,,,,,,,,,,,,,,,,,,,,,,,,,,,,,,,,
PIT,1:31,"PIT 40",3,1,10,"I Formation Normal SE Post","46 Normal Outside Blitz",18,3,3,"1-10-PIT 40 (1:30) 3-Brian White pass complete to 38-John King to BLT 42 for 18 yards. Tackle by 42-Jason Chacko.","#3 Brian White - QB","#40 Nathanael Allen - RB",,,"#38 John King - FB","#80 Fred Hampton - TE",,"#18 Frederick Sharp - WR",,"#19 Agustin Fiecke - WR",,,"#48 James Kimbell - LT","#35 James Roberge - RT","#73 Paul Westley - C","#85 Hollis Cross - TE","#50 David Ethier - RG",,"#62 Eugene Wortham - LDE",,"#96 Juan Rodriguez - DT","#90 William Chan - DT","#72 Jacob Hills - RDE","#50 Ralph Brock - SLB","#94 Adam Garnes - CB",,"#1 Mark Delagarza - RDE","#44 James Mueller - RDE","#29 Jason Chacko - CB",,,,"#34 David Churchill - RDE","#30 James Knapp - CB",,,,,,,,,,,,,,,,,,,,,,,,,,,,,,,,,,,,
PIT,0:47,"BLT 42",3,1,10,"I Formation 3WR HB Inside Weak","Nickel 3-3-5 Cover 2 Man Under",2,3,3,"1-10-BLT 42 (0:46) 41-Matthew Goebel ran to BLT 40 for 2 yards. Tackle by 72-Jacob Hills.","#3 Brian White - QB","#41 Matthew Goebel - RB",,,"#38 John King - FB",,,"#18 Frederick Sharp - WR","#13 Jorge Brown - WR","#10 Patrick Howard - WR",,,"#48 James Kimbell - LT","#85 Hollis Cross - TE","#73 Paul Westley - C","#50 David Ethier - RG","#35 James Roberge - RT",,"#62 Eugene Wortham - LDE",,"#96 Juan Rodriguez - DT",,"#72 Jacob Hills - RDE","#50 Ralph Brock - SLB","#94 Adam Garnes - CB",,"#1 Mark Delagarza - RDE","#44 James Mueller - RDE","#41 Nicholas Reed - CB",,"#27 Joshua Lemmon - CB",,"#31 William Graham - LDE","#34 David Churchill - RDE",,,,,,,,,,,,,,,,,,,,,,,,,,,,,,,,,,,,
PIT,0:14,"BLT 40",3,2,8,"Weak I Normal HB Inside Weak","46 Normal Inside Blitz",2,3,3,"2-8-BLT 40 (0:13) 41-Matthew Goebel ran to BLT 38 for 2 yards. Tackle by 54-Ralph Brock.","#3 Brian White - QB","#41 Matthew Goebel - RB",,,"#38 John King - FB","#80 Fred Hampton - TE",,"#18 Frederick Sharp - WR",,"#19 Agustin Fiecke - WR",,,"#48 James Kimbell - LT","#85 Hollis Cross - TE","#73 Paul Westley - C","#50 David Ethier - RG","#35 James Roberge - RT",,"#62 Eugene Wortham - LDE",,"#96 Juan Rodriguez - DT","#90 William Chan - DT","#72 Jacob Hills - RDE","#50 Ralph Brock - SLB","#94 Adam Garnes - CB",,"#1 Mark Delagarza - RDE","#44 James Mueller - RDE","#29 Jason Chacko - CB",,,,"#30 James Knapp - CB","#34 David Churchill - RDE",,,,,,,,,,,,,,,,,,,,,,,,,,,,,,,,,,,,
,0:00,,3,3,6,,,,3,3,"End of third quarter.",,,,,,,,,,,,,,,,,,,,,,,,,,,,,,,,,,,,,,,,,,,,,,,,,,,,,,,,,,,,,,,,,,,,,,
PIT,15:00,"BLT 38",4,3,6,"Weak I Normal HB Inside Weak","4-3 Under 2 Deep Flat Outside",2,3,3,"3-6-BLT 38 (15:00) 41-Matthew Goebel ran to BLT 37 for 2 yards. Tackle by 90-William Chan.","#3 Brian White - QB","#41 Matthew Goebel - RB",,,"#38 John King - FB","#80 Fred Hampton - TE",,"#18 Frederick Sharp - WR",,"#19 Agustin Fiecke - WR",,,"#48 James Kimbell - LT","#73 Paul Westley - C","#85 Hollis Cross - TE","#50 David Ethier - RG","#35 James Roberge - RT",,"#62 Eugene Wortham - LDE",,"#96 Juan Rodriguez - DT","#90 William Chan - DT","#72 Jacob Hills - RDE","#50 Ralph Brock - SLB","#94 Adam Garnes - CB",,"#1 Mark Delagarza - RDE","#44 James Mueller - RDE","#29 Jason Chacko - CB",,,,"#30 James Knapp - CB","#34 David Churchill - RDE",,,,,,,,,,,,,,,,,,,,,,,,,,,,,,,,,,,,
PIT,14:20,"BLT 37",4,4,4,"Field Goal","FG Block",47,6,3,"4-4-BLT 37 (14:19) 5-Gary Ridgeway 54 yard field goal is GOOD. PIT 6 BLT 3",,,,,,,,,,,,,,,,,,,,,,,,,,,,,,,,,,,,"#2 Robert Spence - P","#73 Paul Westley - C",,,,,,,,,,,,,,"#5 Gary Ridgeway - K","#59 Quentin Blandon - SLB","#55 Lee Kelley - RDE","#57 Andrew Harris - LDE","#48 James Kimbell - LT","#35 James Roberge - RT","#50 David Ethier - RG","#56 Edward Goggans - WLB","#98 Dwayne Marquez - DT","#62 Eugene Wortham - LDE","#1 Christopher Payton - CB","#90 William Chan - DT","#72 Jacob Hills - RDE","#34 David Churchill - RDE","#97 Peter Carson - RDE","#59 Robert Bernier - MLB","#50 Ralph Brock - SLB","#96 Juan Rodriguez - DT","#60 James Speegle - LG","#1 Mark Delagarza - RDE"
PIT,14:14,"PIT 35",4,6,10,Kickoff,"Kick Return",,6,3,"(14:15) 5-Gary Ridgeway kicks 74 yards from PIT 35 to BLT -9. Touchback.",,,,,,,,,,,,,,,,,,,,,,,,,,,,,,,,,,,,,,"#47 Albert Convery - RB",,"#31 William Graham - LDE","#27 Joshua Lemmon - CB","#1 Christopher Payton - CB","#72 Jacob Hills - RDE","#30 James Knapp - CB","#26 Michael Webster - CB","#44 James Mueller - RDE","#35 Paul Garcia - SS","#41 Nicholas Reed - CB","#34 David Churchill - RDE","#5 Gary Ridgeway - K",,,,,,,,,,,,,,,,,,,,
BLT,14:14,"BLT 25",4,1,10,"I Formation 3WR SE Post","Nickel 3-3-5 Cover 2 Man Under",2,6,3,"1-10-BLT 25 (14:15) 19-Sean Ogden pass complete to 22-Wm Jones to BLT 27 for 2 yards. Tackle by 31-Lee Waldrop.","#19 Sean Ogden - QB","#22 Wm Jones - C",,,"#48 Glenn White - FB",,,"#4 Douglas Jordan - WR","#86 Boyd Williams - WR","#16 John Gardea - WR",,,"#58 Porfirio Masters - LT","#56 Justin Bruns - LG","#73 Bobby Quick - C","#55 Charles Palmer - RG","#65 Daniel Royse - RT",,"#57 Andrew Harris - LDE",,"#75 Leon Leonard - DT",,"#55 Lee Kelley - RDE","#59 Quentin Blandon - SLB","#51 Joshua Gil - MLB",,"#91 Jeremiah Gayle - WLB","#33 Donald Brand - CB","#39 Michael Simmons - CB",,"#31 Lee Waldrop - CB",,"#34 Wesley Parr - SS","#30 Louis Moran - FS",,,,,,,,,,,,,,,,,,,,,,,,,,,,,,,,,,,,
BLT,13:35,"BLT 27",4,2,8,"Shotgun 2 RB 3 WR FB In","Nickel Normal 3 Deep Zone Under",14,6,3,"2-8-BLT 27 (13:34) 19-Sean Ogden pass complete to 35-Albert Convery to BLT 41 for 14 yards. Tackle by 30-Louis Moran.","#19 Sean Ogden - QB","#47 Albert Convery - RB","#22 Wm Jones - C",,,,,"#4 Douglas Jordan - WR","#86 Boyd Williams - WR","#16 John Gardea - WR",,,"#58 Porfirio Masters - LT","#56 Justin Bruns - LG","#73 Bobby Quick - C","#55 Charles Palmer - RG","#65 Daniel Royse - RT",,"#57 Andrew Harris - LDE",,"#75 Leon Leonard - DT","#98 Dwayne Marquez - DT","#55 Lee Kelley - RDE",,"#51 Joshua Gil - MLB",,"#91 Jeremiah Gayle - WLB","#33 Donald Brand - CB","#39 Michael Simmons - CB",,"#31 Lee Waldrop - CB",,"#34 Wesley Parr - SS","#30 Louis Moran - FS",,,,,,,,,,,,,,,,,,,,,,,,,,,,,,,,,,,,
BLT,12:53,"BLT 41",4,1,10,"Goal Line Normal HB Outside Strong","Goal Line Attack #3",-1,6,3,"1-10-BLT 41 (12:52) 22-Wm Jones ran to BLT 40 for -1 yards. Tackle by 21-Edward Linch.","#19 Sean Ogden - QB","#22 Wm Jones - C",,"#40 Douglas Roberts - RB","#48 Glenn White - FB","#82 Gerald Parsons - RB","#89 Mark Broughton - C",,,,,,"#58 Porfirio Masters - LT","#56 Justin Bruns - LG","#73 Bobby Quick - C","#55 Charles Palmer - RG","#65 Daniel Royse - RT",,"#57 Andrew Harris - LDE","#21 Edward Linch - LDE","#75 Leon Leonard - DT","#98 Dwayne Marquez - DT","#55 Lee Kelley - RDE","#59 Quentin Blandon - SLB","#92 Murray Parsons - MLB",,"#91 Jeremiah Gayle - WLB","#33 Donald Brand - CB","#39 Michael Simmons - CB",,,,"#34 Wesley Parr - SS",,,,,,,,,,,,,,,,,,,,,,,,,,,,,,,,,,,,,
BLT,12:14,"BLT 40",4,2,11,"I Formation Normal FL Hook","3-4 Normal Man Cover 1",2,6,3,"2-11-BLT 40 (12:13) 19-Sean Ogden pass complete to 48-Glenn White to BLT 42 for 2 yards. Tackle by 92-Murray Parsons. 48-Glenn White did some fancy footwork there.","#19 Sean Ogden - QB","#22 Wm Jones - C",,,"#48 Glenn White - FB","#82 Gerald Parsons - RB",,"#4 Douglas Jordan - WR",,"#16 John Gardea - WR",,,"#58 Porfirio Masters - LT","#56 Justin Bruns - LG","#73 Bobby Quick - C","#55 Charles Palmer - RG","#65 Daniel Royse - RT",,"#57 Andrew Harris - LDE",,"#75 Leon Leonard - DT",,"#55 Lee Kelley - RDE","#59 Quentin Blandon - SLB","#51 Joshua Gil - MLB","#92 Murray Parsons - MLB","#91 Jeremiah Gayle - WLB","#33 Donald Brand - CB","#39 Michael Simmons - CB",,,,"#34 Wesley Parr - SS","#30 Louis Moran - FS",,,,,,,,,,,,,,,,,,,,,,,,,,,,,,,,,,,,
BLT,11:34,"BLT 42",4,3,9,"I Formation Normal PA Fullback Flat","3-4 Normal 2 Deep Zone",3,6,3,"3-9-BLT 42 (11:33) 19-Sean Ogden pass complete to 48-Glenn White to BLT 45 for 3 yards. Tackle by 33-Donald Brand.","#19 Sean Ogden - QB","#47 Albert Convery - RB",,,"#48 Glenn White - FB","#82 Gerald Parsons - RB",,"#4 Douglas Jordan - WR",,"#16 John Gardea - WR",,,"#58 Porfirio Masters - LT","#56 Justin Bruns - LG","#73 Bobby Quick - C","#55 Charles Palmer - RG","#65 Daniel Royse - RT",,"#57 Andrew Harris - LDE",,"#75 Leon Leonard - DT",,"#55 Lee Kelley - RDE","#59 Quentin Blandon - SLB","#51 Joshua Gil - MLB","#92 Murray Parsons - MLB","#91 Jeremiah Gayle - WLB","#33 Donald Brand - CB","#39 Michael Simmons - CB",,,,"#34 Wesley Parr - SS","#30 Louis Moran - FS",,,,,,,,,,,,,,,,,,,,,,,,,,,,,,,,,,,,
BLT,11:00,"BLT 45",4,4,5,Punt,"Punt Return",60,6,3,"4-5-BLT 45 (10:59) 6-George Gonzalez punts 60 yards to PIT -5.4-5-BLT 45 (10:59) 6-George Gonzalez punts 60 yards to PIT -5. Touchback.",,,,,,,,,,,,,,,,,,"#6 George Gonzalez - P",,,,,,,,,,,,,,,,,,,"#73 Bobby Quick - C",,"#18 Frederick Sharp - WR",,,"#51 Joshua Gil - MLB","#59 Quentin Blandon - SLB","#55 Lee Kelley - RDE",,"#30 Louis Moran - FS","#1 Ray Clow - SLB",,"#29 Leon Wyatt - WLB",,,,"#56 Justin Bruns - LG","#60 James Speegle - LG","#78 Richard Crisp - C","#58 Porfirio Masters - LT","#53 Robert Roof - RT","#57 Jonathan Proctor - RT",,"#92 Murray Parsons - MLB","#91 Jeremiah Gayle - WLB","#58 Joshua Davis - SLB","#75 Leon Leonard - DT",,,,,,,
PIT,10:50,"PIT 20",4,1,10,"Strong I Normal HB Off Tackle Strong","46 Normal Inside Blitz",1,6,3,"1-10-PIT 20 (10:51) 41-Matthew Goebel ran to PIT 21 for 1 yards. Tackle by 94-Adam Garnes.","#3 Brian White - QB","#41 Matthew Goebel - RB",,,"#38 John King - FB","#80 Fred Hampton - TE",,"#18 Frederick Sharp - WR",,"#19 Agustin Fiecke - WR",,,"#85 Hollis Cross - TE","#50 David Ethier - RG","#48 James Kimbell - LT","#73 Paul Westley - C","#35 James Roberge - RT",,"#62 Eugene Wortham - LDE",,"#96 Juan Rodriguez - DT","#90 William Chan - DT","#72 Jacob Hills - RDE","#50 Ralph Brock - SLB","#94 Adam Garnes - CB",,"#1 Mark Delagarza - RDE","#29 Jason Chacko - CB","#41 Nicholas Reed - CB",,,,"#34 David Churchill - RDE","#31 William Graham - LDE",,,,,,,,,,,,,,,,,,,,,,,,,,,,,,,,,,,,
PIT,10:13,"PIT 21",4,2,9,"I Formation Normal HB Draw","46 Normal Strong Blitz",3,6,3,"2-9-PIT 21 (10:12) 41-Matthew Goebel ran to PIT 24 for 3 yards. Tackle by 30-James Knapp.","#3 Brian White - QB","#41 Matthew Goebel - RB",,,"#38 John King - FB","#80 Fred Hampton - TE",,"#18 Frederick Sharp - WR",,"#19 Agustin Fiecke - WR",,,"#48 James Kimbell - LT","#35 James Roberge - RT","#73 Paul Westley - C","#50 David Ethier - RG","#85 Hollis Cross - TE",,"#62 Eugene Wortham - LDE",,"#96 Juan Rodriguez - DT","#90 William Chan - DT","#72 Jacob Hills - RDE","#50 Ralph Brock - SLB","#94 Adam Garnes - CB",,"#1 Mark Delagarza - RDE","#44 James Mueller - RDE","#29 Jason Chacko - CB",,,,"#30 James Knapp - CB","#34 David Churchill - RDE",,,,,,,,,,,,,,,,,,,,,,,,,,,,,,,,,,,,
PIT,9:35,"PIT 24",4,3,6,"Goal Line Normal HB Off Tackle","Goal Line 3 Deep Man",5,6,3,"3-6-PIT 24 (9:34) 41-Matthew Goebel ran to PIT 29 for 5 yards. Tackle by 64-Tony Fisher.","#3 Brian White - QB","#41 Matthew Goebel - RB",,"#40 Nathanael Allen - RB","#38 John King - FB","#80 Fred Hampton - TE","#85 Hollis Cross - TE",,,,,,"#48 James Kimbell - LT","#35 James Roberge - RT","#18 Frederick Sharp - WR","#50 David Ethier - RG","#73 Paul Westley - C",,"#62 Eugene Wortham - LDE","#64 Tony Fisher - DT","#96 Juan Rodriguez - DT","#90 William Chan - DT","#72 Jacob Hills - RDE","#50 Ralph Brock - SLB","#94 Adam Garnes - CB",,"#1 Mark Delagarza - RDE","#44 James Mueller - RDE","#29 Jason Chacko - CB",,,,"#30 James Knapp - CB",,,,,,,,,,,,,,,,,,,,,,,,,,,,,,,,,,,,,
PIT,8:51,"PIT 29",4,4,1,Punt,"Punt Return",,6,3,"4-1-PIT 29 (8:50) 2-Robert Spence punts 49 yards to BLT 22. 4-Douglas Jordan to BLT 27 for 6 yards. Tackle by 56-Edward Goggans.",,,,,,,,,,,,,,,,,,"#2 Robert Spence - P",,,,,,,,,,,,,,,,,,,"#73 Paul Westley - C",,"#4 Douglas Jordan - WR",,,"#44 James Mueller - RDE","#26 Michael Webster - CB","#30 James Knapp - CB",,"#35 Paul Garcia - SS","#34 David Churchill - RDE",,"#27 Joshua Lemmon - CB",,,,"#56 Edward Goggans - WLB","#57 Andrew Harris - LDE","#48 James Kimbell - LT","#35 James Roberge - RT","#50 David Ethier - RG","#98 Dwayne Marquez - DT",,"#62 Eugene Wortham - LDE","#1 Christopher Payton - CB","#90 William Chan - DT","#72 Jacob Hills - RDE",,,,,,,
BLT,8:40,"BLT 27",4,1,10,"Goal Line Normal PA TE Drag","Goal Line Attack #3",,6,3,"1-10-BLT 27 (8:41) (Hot Read) 19-Sean Ogden pass incomplete, dropped by 35-Albert Convery. Pressure by 59-Quentin Blandon.","#19 Sean Ogden - QB","#47 Albert Convery - RB",,"#22 Wm Jones - C","#48 Glenn White - FB","#82 Gerald Parsons - RB","#89 Mark Broughton - C",,,,,,"#78 Richard Crisp - C","#56 Justin Bruns - LG","#73 Bobby Quick - C","#55 Charles Palmer - RG","#65 Daniel Royse - RT",,"#57 Andrew Harris - LDE","#55 Lee Kelley - RDE","#21 Edward Linch - LDE","#98 Dwayne Marquez - DT","#75 Leon Leonard - DT","#59 Quentin Blandon - SLB","#92 Murray Parsons - MLB",,"#29 Leon Wyatt - WLB","#33 Donald Brand - CB","#39 Michael Simmons - CB",,,,"#34 Wesley Parr - SS",,,,,,,,,,,,,,,,,,,,,,,,,,,,,,,,,,,,,
BLT,8:38,"BLT 27",4,2,10,"I Formation 3WR HB Toss Strong","Nickel 3-3-5 Cover 2 Man Under",-0,6,3,"2-10-BLT 27 (8:39) 35-Albert Convery ran to BLT 27 for a short loss. Tackle by 51-Joshua Gil.","#19 Sean Ogden - QB","#47 Albert Convery - RB",,,"#48 Glenn White - FB",,,"#4 Douglas Jordan - WR","#86 Boyd Williams - WR","#16 John Gardea - WR",,,"#78 Richard Crisp - C","#56 Justin Bruns - LG","#73 Bobby Quick - C","#55 Charles Palmer - RG","#65 Daniel Royse - RT",,"#57 Andrew Harris - LDE",,"#75 Leon Leonard - DT",,"#55 Lee Kelley - RDE","#59 Quentin Blandon - SLB","#51 Joshua Gil - MLB",,"#91 Jeremiah Gayle - WLB","#33 Donald Brand - CB","#39 Michael Simmons - CB",,"#31 Lee Waldrop - CB",,"#34 Wesley Parr - SS","#30 Louis Moran - FS",,,,,,,,,,,,,,,,,,,,,,,,,,,,,,,,,,,,
BLT,8:06,"BLT 27",4,3,10,"I Formation 3WR SE Post","Nickel Normal Cover 2",6,6,3,"3-10-BLT 27 (8:05) 19-Sean Ogden pass complete to 22-Wm Jones to BLT 33 for 6 yards. Tackle by 51-Joshua Gil.","#19 Sean Ogden - QB","#22 Wm Jones - C",,,"#48 Glenn White - FB",,,"#4 Douglas Jordan - WR","#86 Boyd Williams - WR","#16 John Gardea - WR",,,"#78 Richard Crisp - C","#56 Justin Bruns - LG","#73 Bobby Quick - C","#55 Charles Palmer - RG","#65 Daniel Royse - RT",,"#57 Andrew Harris - LDE",,"#75 Leon Leonard - DT","#98 Dwayne Marquez - DT","#55 Lee Kelley - RDE",,"#51 Joshua Gil - MLB",,"#91 Jeremiah Gayle - WLB","#33 Donald Brand - CB","#39 Michael Simmons - CB",,"#31 Lee Waldrop - CB",,"#34 Wesley Parr - SS","#30 Louis Moran - FS",,,,,,,,,,,,,,,,,,,,,,,,,,,,,,,,,,,,
BLT,7:29,"BLT 33",4,4,5,Punt,"Punt Return",,6,3,"4-5-BLT 33 (7:28) 6-George Gonzalez punts 50 yards to PIT 17. Fair Catch by 18-Frederick Sharp.",,,,,,,,,,,,,,,,,,"#6 George Gonzalez - P",,,,,,,,,,,,,,,,,,,"#73 Bobby Quick - C",,"#18 Frederick Sharp - WR",,,"#91 Jeremiah Gayle - WLB","#59 Quentin Blandon - SLB","#51 Joshua Gil - MLB",,"#30 Louis Moran - FS","#1 Ray Clow - SLB",,"#29 Leon Wyatt - WLB",,,,"#56 Justin Bruns - LG","#60 James Speegle - LG","#78 Richard Crisp - C","#58 Porfirio Masters - LT","#53 Robert Roof - RT","#57 Jonathan Proctor - RT",,"#92 Murray Parsons - MLB","#55 Lee Kelley - RDE","#58 Joshua Davis - SLB","#75 Leon Leonard - DT",,,,,,,
PIT,7:21,"PIT 17",4,1,10,"Shotgun 2 RB 3 WR Shotgun Sweep","Nickel Normal SS Blitz",-3,6,3,"1-10-PIT 17 (7:22) 40-Nathanael Allen ran to PIT 14 for -3 yards. Tackle by 27-Joshua Lemmon. 10-Patrick Howard completely missed his blocking assignment.","#3 Brian White - QB","#41 Matthew Goebel - RB","#40 Nathanael Allen - RB",,,,,"#18 Frederick Sharp - WR","#10 Patrick Howard - WR","#19 Agustin Fiecke - WR",,,"#50 David Ethier - RG","#35 James Roberge - RT","#73 Paul Westley - C","#85 Hollis Cross - TE","#48 James Kimbell - LT",,"#62 Eugene Wortham - LDE",,"#96 Juan Rodriguez - DT","#90 William Chan - DT","#72 Jacob Hills - RDE",,"#94 Adam Garnes - CB",,"#1 Mark Delagarza - RDE","#29 Jason Chacko - CB","#41 Nicholas Reed - CB",,"#27 Joshua Lemmon - CB",,"#34 David Churchill - RDE","#44 James Mueller - RDE",,,,,,,,,,,,,,,,,,,,,,,,,,,,,,,,,,,,
PIT,6:49,"PIT 14",4,2,13,"Shotgun Normal Deep Weak In and Out","Nickel 3-3-5 Cover 2 Man Under",8,6,3,"2-13-PIT 14 (6:48) 3-Brian White pass complete to 10-Patrick Howard to PIT 22 for 8 yards. Tackle by 41-Nicholas Reed.","#3 Brian White - QB","#41 Matthew Goebel - RB",,,,"#80 Fred Hampton - TE",,"#18 Frederick Sharp - WR","#10 Patrick Howard - WR","#19 Agustin Fiecke - WR",,,"#48 James Kimbell - LT","#50 David Ethier - RG","#73 Paul Westley - C","#85 Hollis Cross - TE","#35 James Roberge - RT",,"#62 Eugene Wortham - LDE",,"#96 Juan Rodriguez - DT",,"#72 Jacob Hills - RDE","#50 Ralph Brock - SLB","#94 Adam Garnes - CB",,"#1 Mark Delagarza - RDE","#44 James Mueller - RDE","#29 Jason Chacko - CB",,"#41 Nicholas Reed - CB",,"#30 James Knapp - CB","#34 David Churchill - RDE",,,,,,,,,,,,,,,,,,,,,,,,,,,,,,,,,,,,
PIT,6:02,"PIT 22",4,3,5,"Goal Line Normal HB Off Tackle","Goal Line 3 Deep Man",4,6,3,"3-5-PIT 22 (6:01) 41-Matthew Goebel ran to PIT 26 for 4 yards. Tackle by 64-Tony Fisher.","#3 Brian White - QB","#41 Matthew Goebel - RB",,"#40 Nathanael Allen - RB","#38 John King - FB","#80 Fred Hampton - TE","#85 Hollis Cross - TE",,,,,,"#19 Agustin Fiecke - WR","#35 James Roberge - RT","#73 Paul Westley - C","#50 David Ethier - RG","#48 James Kimbell - LT",,"#62 Eugene Wortham - LDE","#64 Tony Fisher - DT","#96 Juan Rodriguez - DT","#90 William Chan - DT","#72 Jacob Hills - RDE","#50 Ralph Brock - SLB","#94 Adam Garnes - CB",,"#1 Mark Delagarza - RDE","#44 James Mueller - RDE","#29 Jason Chacko - CB",,,,"#30 James Knapp - CB",,,,,,,,,,,,,,,,,,,,,,,,,,,,,,,,,,,,,
PIT,5:23,"PIT 26",4,4,1,Punt,"Punt Return",,6,3,"4-1-PIT 26 (5:22) 2-Robert Spence punts 48 yards to BLT 26. 4-Douglas Jordan to BLT 33 for 7 yards. Tackle by 51-Joshua Gil.",,,,,,,,,,,,,,,,,,"#2 Robert Spence - P",,,,,,,,,,,,,,,,,,,"#73 Paul Westley - C",,"#4 Douglas Jordan - WR",,,"#44 James Mueller - RDE","#26 Michael Webster - CB","#30 James Knapp - CB",,"#35 Paul Garcia - SS","#34 David Churchill - RDE",,"#27 Joshua Lemmon - CB",,,,"#56 Edward Goggans - WLB","#57 Andrew Harris - LDE","#48 James Kimbell - LT","#35 James Roberge - RT","#50 David Ethier - RG","#98 Dwayne Marquez - DT",,"#62 Eugene Wortham - LDE","#1 Christopher Payton - CB","#90 William Chan - DT","#72 Jacob Hills - RDE",,,,,,,
BLT,5:13,"BLT 33",4,1,10,"Singleback Slot Strong HB Counter","Nickel Normal Man Cover 2",11,6,3,"1-10-BLT 33 (5:14) 35-Albert Convery ran to BLT 44 for 11 yards. Tackle by 34-Wesley Parr.","#19 Sean Ogden - QB","#47 Albert Convery - RB",,,,"#82 Gerald Parsons - RB",,"#4 Douglas Jordan - WR","#86 Boyd Williams - WR","#16 John Gardea - WR",,,"#78 Richard Crisp - C","#56 Justin Bruns - LG","#73 Bobby Quick - C","#55 Charles Palmer - RG","#65 Daniel Royse - RT",,"#57 Andrew Harris - LDE",,"#21 Edward Linch - LDE","#55 Lee Kelley - RDE","#75 Leon Leonard - DT",,"#92 Murray Parsons - MLB",,"#91 Jeremiah Gayle - WLB","#33 Donald Brand - CB","#39 Michael Simmons - CB",,"#31 Lee Waldrop - CB",,"#34 Wesley Parr - SS","#30 Louis Moran - FS",,,,,,,,,,,,,,,,,,,,,,,,,,,,,,,,,,,,
BLT,4:40,"BLT 44",4,1,10,"Shotgun 2 RB 3 WR FL Drag","Nickel Normal Man Cover 2",2,6,3,"1-10-BLT 44 (4:39) 19-Sean Ogden pass complete to 4-Douglas Jordan to BLT 46 for 2 yards. Tackle by 31-Lee Waldrop.","#19 Sean Ogden - QB","#22 Wm Jones - C","#48 Glenn White - FB",,,,,"#4 Douglas Jordan - WR","#86 Boyd Williams - WR","#16 John Gardea - WR",,,"#78 Richard Crisp - C","#56 Justin Bruns - LG","#73 Bobby Quick - C","#55 Charles Palmer - RG","#65 Daniel Royse - RT",,"#57 Andrew Harris - LDE",,"#75 Leon Leonard - DT","#98 Dwayne Marquez - DT","#55 Lee Kelley - RDE",,"#51 Joshua Gil - MLB",,"#91 Jeremiah Gayle - WLB","#33 Donald Brand - CB","#39 Michael Simmons - CB",,"#31 Lee Waldrop - CB",,"#34 Wesley Parr - SS","#30 Louis Moran - FS",,,,,,,,,,,,,,,,,,,,,,,,,,,,,,,,,,,,
BLT,4:01,"BLT 46",4,2,8,"Singleback Slot Strong HB Flat","Nickel Normal Cover 2",3,6,3,"2-8-BLT 46 (4:00) 19-Sean Ogden pass complete to 22-Wm Jones to BLT 48 for 3 yards. Tackle by 51-Joshua Gil.","#19 Sean Ogden - QB","#22 Wm Jones - C",,,,"#82 Gerald Parsons - RB",,"#4 Douglas Jordan - WR","#86 Boyd Williams - WR","#16 John Gardea - WR",,,"#78 Richard Crisp - C","#56 Justin Bruns - LG","#73 Bobby Quick - C","#55 Charles Palmer - RG","#65 Daniel Royse - RT",,"#57 Andrew Harris - LDE",,"#75 Leon Leonard - DT","#98 Dwayne Marquez - DT","#55 Lee Kelley - RDE",,"#51 Joshua Gil - MLB",,"#91 Jeremiah Gayle - WLB","#33 Donald Brand - CB","#39 Michael Simmons - CB",,"#31 Lee Waldrop - CB",,"#34 Wesley Parr - SS","#30 Louis Moran - FS",,,,,,,,,,,,,,,,,,,,,,,,,,,,,,,,,,,,
BLT,3:23,"BLT 48",4,3,6,"I Formation Power HB Draw","Goal Line Attack #2",-0,6,3,"3-6-BLT 48 (3:22) 35-Albert Convery ran to BLT 48 for a short loss. Tackle by 51-Joshua Gil.","#19 Sean Ogden - QB","#47 Albert Convery - RB",,"#22 Wm Jones - C","#48 Glenn White - FB","#82 Gerald Parsons - RB",,"#4 Douglas Jordan - WR",,,,,"#78 Richard Crisp - C","#56 Justin Bruns - LG","#73 Bobby Quick - C","#55 Charles Palmer - RG","#65 Daniel Royse - RT",,"#57 Andrew Harris - LDE","#21 Edward Linch - LDE","#75 Leon Leonard - DT","#98 Dwayne Marquez - DT","#55 Lee Kelley - RDE","#59 Quentin Blandon - SLB","#51 Joshua Gil - MLB",,"#91 Jeremiah Gayle - WLB","#33 Donald Brand - CB","#39 Michael Simmons - CB",,,,"#34 Wesley Parr - SS",,,,,,,,,,,,,,,,,,,,,,,,,,,,,,,,,,,,,
BLT,2:38,"BLT 48",4,4,6,"I Formation Normal PA Outside Curls","3-4 Normal 2 Deep Man",6,6,3,"4-6-BLT 48 (2:37) 19-Sean Ogden pass complete to 4-Douglas Jordan to PIT 46 for 6 yards. Tackle by 33-Donald Brand.","#19 Sean Ogden - QB","#47 Albert Convery - RB",,,"#48 Glenn White - FB","#82 Gerald Parsons - RB",,"#4 Douglas Jordan - WR",,"#16 John Gardea - WR",,,"#78 Richard Crisp - C","#56 Justin Bruns - LG","#73 Bobby Quick - C","#55 Charles Palmer - RG","#65 Daniel Royse - RT",,"#57 Andrew Harris - LDE",,"#75 Leon Leonard - DT",,"#55 Lee Kelley - RDE","#59 Quentin Blandon - SLB","#51 Joshua Gil - MLB","#92 Murray Parsons - MLB","#91 Jeremiah Gayle - WLB","#33 Donald Brand - CB","#39 Michael Simmons - CB",,,,"#34 Wesley Parr - SS","#30 Louis Moran - FS",,,,,,,,,,,,,,,,,,,,,,,,,,,,,,,,,,,,
,2:00,,4,1,10,,,,6,3,"Timeout for two minute warning.",,,,,,,,,,,,,,,,,,,,,,,,,,,,,,,,,,,,,,,,,,,,,,,,,,,,,,,,,,,,,,,,,,,,,,
BLT,2:00,"PIT 46",4,1,10,"I Formation Normal PA Fullback Flat","4-3 Normal Double WR3",1,6,3,"1-10-PIT 46 (2:00) 19-Sean Ogden pass complete to 48-Glenn White to PIT 45 for 1 yards. Tackle by 59-Quentin Blandon. Nice job by 48-Glenn White on that route to lose his coverage.","#19 Sean Ogden - QB","#22 Wm Jones - C",,,"#48 Glenn White - FB","#82 Gerald Parsons - RB",,"#4 Douglas Jordan - WR",,"#16 John Gardea - WR",,,"#78 Richard Crisp - C","#56 Justin Bruns - LG","#73 Bobby Quick - C","#55 Charles Palmer - RG","#65 Daniel Royse - RT",,"#57 Andrew Harris - LDE",,"#75 Leon Leonard - DT","#98 Dwayne Marquez - DT","#55 Lee Kelley - RDE","#59 Quentin Blandon - SLB","#51 Joshua Gil - MLB",,"#91 Jeremiah Gayle - WLB","#33 Donald Brand - CB","#39 Michael Simmons - CB",,,,"#34 Wesley Parr - SS","#30 Louis Moran - FS",,,,,,,,,,,,,,,,,,,,,,,,,,,,,,,,,,,,
,1:58,,4,2,9,,,,6,3,"Timeout BLT",,,,,,,,,,,,,,,,,,,,,,,,,,,,,,,,,,,,,,,,,,,,,,,,,,,,,,,,,,,,,,,,,,,,,,
BLT,1:55,"PIT 45",4,2,9,"Shotgun Normal Double Outs","Nickel Normal 3 Deep Zone Under",5,6,3,"2-9-PIT 45 (1:56) 19-Sean Ogden pass complete to 86-Boyd Williams to PIT 40 for 5 yards. Tackle by 39-Michael Simmons.","#19 Sean Ogden - QB","#47 Albert Convery - RB",,,,"#82 Gerald Parsons - RB",,"#4 Douglas Jordan - WR","#86 Boyd Williams - WR","#16 John Gardea - WR",,,"#78 Richard Crisp - C","#56 Justin Bruns - LG","#73 Bobby Quick - C","#55 Charles Palmer - RG","#65 Daniel Royse - RT",,"#57 Andrew Harris - LDE",,"#75 Leon Leonard - DT","#98 Dwayne Marquez - DT","#55 Lee Kelley - RDE",,"#51 Joshua Gil - MLB",,"#91 Jeremiah Gayle - WLB","#33 Donald Brand - CB","#39 Michael Simmons - CB",,"#31 Lee Waldrop - CB",,"#34 Wesley Parr - SS","#30 Louis Moran - FS",,,,,,,,,,,,,,,,,,,,,,,,,,,,,,,,,,,,
,1:52,,4,3,4,,,,6,3,"Timeout BLT",,,,,,,,,,,,,,,,,,,,,,,,,,,,,,,,,,,,,,,,,,,,,,,,,,,,,,,,,,,,,,,,,,,,,,
BLT,1:49,"PIT 40",4,3,4,"I Formation Normal SE Post","3-4 Normal Man Cover 1",,6,3,"3-4-PIT 40 (1:50) 19-Sean Ogden pass Pass knocked down by 92-Murray Parsons. incomplete, intended for 48-Glenn White.","#19 Sean Ogden - QB","#22 Wm Jones - C",,,"#48 Glenn White - FB","#82 Gerald Parsons - RB",,"#4 Douglas Jordan - WR",,"#16 John Gardea - WR",,,"#78 Richard Crisp - C","#56 Justin Bruns - LG","#73 Bobby Quick - C","#55 Charles Palmer - RG","#65 Daniel Royse - RT",,"#57 Andrew Harris - LDE",,"#75 Leon Leonard - DT",,"#55 Lee Kelley - RDE","#59 Quentin Blandon - SLB","#51 Joshua Gil - MLB","#92 Murray Parsons - MLB","#91 Jeremiah Gayle - WLB","#33 Donald Brand - CB","#39 Michael Simmons - CB",,,,"#34 Wesley Parr - SS","#30 Louis Moran - FS",,,,,,,,,,,,,,,,,,,,,,,,,,,,,,,,,,,,
BLT,1:44,"PIT 40",4,4,4,"Singleback Slot Strong HB Flat","Nickel Normal 3 Deep Zone Under",-1,6,3,"4-4-PIT 40 (1:45) 19-Sean Ogden pass complete to 35-Albert Convery to PIT 41 for -1 yards. Tackle by 33-Donald Brand. Turnover on downs.","#19 Sean Ogden - QB","#47 Albert Convery - RB",,,,"#82 Gerald Parsons - RB",,"#4 Douglas Jordan - WR","#86 Boyd Williams - WR","#16 John Gardea - WR",,,"#78 Richard Crisp - C","#56 Justin Bruns - LG","#73 Bobby Quick - C","#55 Charles Palmer - RG","#65 Daniel Royse - RT",,"#57 Andrew Harris - LDE",,"#75 Leon Leonard - DT","#98 Dwayne Marquez - DT","#55 Lee Kelley - RDE",,"#51 Joshua Gil - MLB",,"#91 Jeremiah Gayle - WLB","#33 Donald Brand - CB","#39 Michael Simmons - CB",,"#31 Lee Waldrop - CB",,"#34 Wesley Parr - SS","#30 Louis Moran - FS",,,,,,,,,,,,,,,,,,,,,,,,,,,,,,,,,,,,
PIT,1:41,"PIT 41",4,1,10,"Singleback Normal HB Inside Weak","Nickel 3-3-5 Cover 2 Man Under",3,6,3,"1-10-PIT 41 (1:42) 41-Matthew Goebel ran to PIT 44 for 3 yards. Tackle by 72-Jacob Hills. 48-James Kimbell was completely beat on that play.","#3 Brian White - QB","#41 Matthew Goebel - RB",,,,"#80 Fred Hampton - TE",,"#18 Frederick Sharp - WR","#10 Patrick Howard - WR","#19 Agustin Fiecke - WR",,,"#48 James Kimbell - LT","#85 Hollis Cross - TE","#73 Paul Westley - C","#50 David Ethier - RG","#35 James Roberge - RT",,"#62 Eugene Wortham - LDE",,"#96 Juan Rodriguez - DT",,"#72 Jacob Hills - RDE","#50 Ralph Brock - SLB","#94 Adam Garnes - CB",,"#1 Mark Delagarza - RDE","#44 James Mueller - RDE","#29 Jason Chacko - CB",,"#41 Nicholas Reed - CB",,"#30 James Knapp - CB","#34 David Churchill - RDE",,,,,,,,,,,,,,,,,,,,,,,,,,,,,,,,,,,,
,1:40,,4,2,7,,,,6,3,"Timeout BLT",,,,,,,,,,,,,,,,,,,,,,,,,,,,,,,,,,,,,,,,,,,,,,,,,,,,,,,,,,,,,,,,,,,,,,
PIT,1:36,"PIT 44",4,2,7,"Singleback Normal HB Counter Weak","Nickel 3-3-5 Cover 2 Man Under",6,6,3,"2-7-PIT 44 (1:37) 41-Matthew Goebel ran to BLT 50 for 6 yards. Tackle by 93-Mark Delagarza.","#3 Brian White - QB","#41 Matthew Goebel - RB",,,,"#80 Fred Hampton - TE",,"#18 Frederick Sharp - WR","#10 Patrick Howard - WR","#19 Agustin Fiecke - WR",,,"#50 David Ethier - RG","#35 James Roberge - RT","#73 Paul Westley - C","#85 Hollis Cross - TE","#48 James Kimbell - LT",,"#62 Eugene Wortham - LDE",,"#96 Juan Rodriguez - DT",,"#72 Jacob Hills - RDE","#50 Ralph Brock - SLB","#94 Adam Garnes - CB",,"#1 Mark Delagarza - RDE","#44 James Mueller - RDE","#29 Jason Chacko - CB",,"#41 Nicholas Reed - CB",,"#34 David Churchill - RDE","#30 James Knapp - CB",,,,,,,,,,,,,,,,,,,,,,,,,,,,,,,,,,,,
PIT,1:00,"BLT 50",4,3,1,"Singleback Normal HB Dive Weak","Nickel Normal Double WR2",1,6,3,"3-1-BLT 50 (0:59) 40-Nathanael Allen ran to BLT 49 for 1 yards. Tackle by 90-William Chan. 68-Paul Westley completely missed his blocking assignment. BLT 91-Juan Rodriguez was injured on the play.","#3 Brian White - QB","#40 Nathanael Allen - RB",,,,"#80 Fred Hampton - TE",,"#18 Frederick Sharp - WR","#10 Patrick Howard - WR","#19 Agustin Fiecke - WR",,,"#48 James Kimbell - LT","#50 David Ethier - RG","#73 Paul Westley - C","#85 Hollis Cross - TE","#35 James Roberge - RT",,"#62 Eugene Wortham - LDE",,"#96 Juan Rodriguez - DT","#90 William Chan - DT","#72 Jacob Hills - RDE",,"#94 Adam Garnes - CB",,"#1 Mark Delagarza - RDE","#44 James Mueller - RDE","#29 Jason Chacko - CB",,"#41 Nicholas Reed - CB",,"#30 James Knapp - CB","#34 David Churchill - RDE",,,,,,,,,,,,,,,,,,,,,,,,,,,,,,,,,,,,
PIT,0:15,"BLT 49",4,1,10,Victory,"Quarter Normal Man Short Zone",,6,3,"1-10-BLT 49 (0:14) 3-Brian White kneeled down to BLT 49 for -0 yards.","#3 Brian White - QB","#41 Matthew Goebel - RB",,"#40 Nathanael Allen - RB","#38 John King - FB","#80 Fred Hampton - TE","#85 Hollis Cross - TE",,,,,,"#48 James Kimbell - LT","#35 James Roberge - RT","#18 Frederick Sharp - WR","#50 David Ethier - RG","#73 Paul Westley - C",,"#62 Eugene Wortham - LDE",,"#90 William Chan - DT",,"#72 Jacob Hills - RDE",,"#94 Adam Garnes - CB",,,"#44 James Mueller - RDE","#29 Jason Chacko - CB","#27 Joshua Lemmon - CB","#41 Nicholas Reed - CB","#26 Michael Webster - CB","#30 James Knapp - CB","#34 David Churchill - RDE",,,,,,,,,,,,,,,,,,,,,,,,,,,,,,,,,,,,
,0:00,,4,2,10,,,,6,3,"End of fourth quarter.",,,,,,,,,,,,,,,,,,,,,,,,,,,,,,,,,,,,,,,,,,,,,,,,,,,,,,,,,,,,,,,,,,,,,,
